Id|Name|ParentId|Type|ParentId_ancestors|children
0015f00000EXU9jAAH|IBM - New York|"{\"ParentId\":{\"ParentId\":{\"ParentId\":{\"ParentId\":{\"ParentId\":{\"ParentId\":{\"ParentId\":{\"ParentId\":{}}}}}}}}}"|""|[]|"[\"0015f00000EXU9jAAH\",\"0015f00000EXUD2AAP\",\"0015f00000EXU9lAAH\",\"0015f00000EXUD5AAP\",\"0015f00000EXUD1AAP\",\"0015f00000EXUD3AAP\",\"0015f00000EXU9mAAH\",\"0015f00000EXUD4AAP\",\"0015f00000EXUD6AAP\",\"0015f00000EXU9kAAH\"]"
0015f00000EXU9yAAH|Jabil Circuits - Michigan|"{\"ParentId\":{\"ParentId\":{\"ParentId\":{\"ParentId\":{\"ParentId\":{\"ParentId\":{\"ParentId\":{\"ParentId\":{}}}}}}}}}"|""|[]|"[\"0015f00000EXU9yAAH\"]"
0015f00000EXUC5AAP|Celestica - UK|"{\"Id\":\"0015f00000EXUC4AAP\",\"Name\":\"Celestica - Toronto\",\"ParentId\":{\"ParentId\":{\"ParentId\":{\"ParentId\":{\"ParentId\":{\"ParentId\":{\"ParentId\":{\"ParentId\":{}}}}}}}}}"|""|"[\"0015f00000EXUC4AAP\"]"|"[\"0015f00000EXUC5AAP\"]"
0015f00000EXUCpAAP|General Instruments - Philadelphia|"{\"ParentId\":{\"ParentId\":{\"ParentId\":{\"ParentId\":{\"ParentId\":{\"ParentId\":{\"ParentId\":{\"ParentId\":{}}}}}}}}}"|""|[]|"[\"0015f00000EXUCpAAP\"]"
0015f00000EXUDNAA5|Digidesign - Marsh Rd|"{\"ParentId\":{\"ParentId\":{\"ParentId\":{\"ParentId\":{\"ParentId\":{\"ParentId\":{\"ParentId\":{\"ParentId\":{}}}}}}}}}"|""|[]|"[\"0015f00000EXUDNAA5\",\"0015f00000EXUDOAA5\",\"0015f00000EXUDMAA5\"]"
0015f00000EXUDUAA5|Dovatron - Ireland|"{\"ParentId\":{\"ParentId\":{\"ParentId\":{\"ParentId\":{\"ParentId\":{\"ParentId\":{\"ParentId\":{\"ParentId\":{}}}}}}}}}"|""|[]|"[\"0015f00000EXUDUAA5\"]"
0015f00000EXU9iAAH|IBM - Japan|"{\"ParentId\":{\"ParentId\":{\"ParentId\":{\"ParentId\":{\"ParentId\":{\"ParentId\":{\"ParentId\":{\"ParentId\":{}}}}}}}}}"|""|[]|"[\"0015f00000EXU9iAAH\"]"
0015f00000EXU9zAAH|Kaiser Electronics - San Jose|"{\"ParentId\":{\"ParentId\":{\"ParentId\":{\"ParentId\":{\"ParentId\":{\"ParentId\":{\"ParentId\":{\"ParentId\":{}}}}}}}}}"|""|[]|"[\"0015f00000EXU9zAAH\"]"
0015f00000EXUA2AAP|L3 Communications - Sarasota|"{\"ParentId\":{\"ParentId\":{\"ParentId\":{\"ParentId\":{\"ParentId\":{\"ParentId\":{\"ParentId\":{\"ParentId\":{}}}}}}}}}"|""|[]|"[\"0015f00000EXUA2AAP\"]"
0015f00000EXUAUAA5|Moore Research Ctr.|"{\"ParentId\":{\"ParentId\":{\"ParentId\":{\"ParentId\":{\"ParentId\":{\"ParentId\":{\"ParentId\":{\"ParentId\":{}}}}}}}}}"|""|[]|"[\"0015f00000EXUAUAA5\"]"
0015f00000EXUB2AAP|Physio Control|"{\"ParentId\":{\"ParentId\":{\"ParentId\":{\"ParentId\":{\"ParentId\":{\"ParentId\":{\"ParentId\":{\"ParentId\":{}}}}}}}}}"|""|[]|"[\"0015f00000EXUB2AAP\"]"
0015f00000EXUBbAAP|3M Automotive - Neuss|"{\"ParentId\":{\"ParentId\":{\"ParentId\":{\"ParentId\":{\"ParentId\":{\"ParentId\":{\"ParentId\":{\"ParentId\":{}}}}}}}}}"|""|[]|"[\"0015f00000EXUBbAAP\"]"
0015f00000EXUBcAAP|Acatel Electronics - Freising|"{\"ParentId\":{\"ParentId\":{\"ParentId\":{\"ParentId\":{\"ParentId\":{\"ParentId\":{\"ParentId\":{\"ParentId\":{}}}}}}}}}"|""|[]|"[\"0015f00000EXUBcAAP\"]"
0015f00000EXUCtAAP|Hamilton Standard - Charlotte|"{\"ParentId\":{\"ParentId\":{\"ParentId\":{\"ParentId\":{\"ParentId\":{\"ParentId\":{\"ParentId\":{\"ParentId\":{}}}}}}}}}"|""|[]|"[\"0015f00000EXUCtAAP\"]"
0015f00000EXUDCAA5|Concept Development|"{\"ParentId\":{\"ParentId\":{\"ParentId\":{\"ParentId\":{\"ParentId\":{\"ParentId\":{\"ParentId\":{\"ParentId\":{}}}}}}}}}"|""|[]|"[\"0015f00000EXUDCAA5\"]"
0015f00000EXUDSAA5|Dome Imaging Systems - Waltham|"{\"ParentId\":{\"ParentId\":{\"ParentId\":{\"ParentId\":{\"ParentId\":{\"ParentId\":{\"ParentId\":{\"ParentId\":{}}}}}}}}}"|""|[]|"[\"0015f00000EXUDSAA5\"]"
0015f00000EXUA9AAP|Lockheed Martin - Orlando|"{\"ParentId\":{\"ParentId\":{\"ParentId\":{\"ParentId\":{\"ParentId\":{\"ParentId\":{\"ParentId\":{\"ParentId\":{}}}}}}}}}"|""|[]|"[\"0015f00000EXUAAAA5\",\"0015f00000EXUA7AAP\",\"0015f00000EXUA8AAP\",\"0015f00000EXUA9AAP\"]"
0015f00000EXUBGAA5|Transtech DSP - High Wycombe|"{\"ParentId\":{\"ParentId\":{\"ParentId\":{\"ParentId\":{\"ParentId\":{\"ParentId\":{\"ParentId\":{\"ParentId\":{}}}}}}}}}"|""|[]|"[\"0015f00000EXUBGAA5\"]"
0015f00000EXUBfAAP|Dimensional - Weingarten|"{\"ParentId\":{\"ParentId\":{\"ParentId\":{\"ParentId\":{\"ParentId\":{\"ParentId\":{\"ParentId\":{\"ParentId\":{}}}}}}}}}"|""|[]|"[\"0015f00000EXUBfAAP\"]"
0015f00000EXUCuAAP|Hamilton Standard - Cheshire|"{\"ParentId\":{\"ParentId\":{\"ParentId\":{\"ParentId\":{\"ParentId\":{\"ParentId\":{\"ParentId\":{\"ParentId\":{}}}}}}}}}"|""|[]|"[\"0015f00000EXUCuAAP\"]"
0015f00000EXUDKAA5|Delphi Engineering - Irvine|"{\"ParentId\":{\"ParentId\":{\"ParentId\":{\"ParentId\":{\"ParentId\":{\"ParentId\":{\"ParentId\":{\"ParentId\":{}}}}}}}}}"|""|[]|"[\"0015f00000EXUDKAA5\"]"
0015f00000EXU9OAAX|Acquiris - Plan Les Quattes|"{\"ParentId\":{\"ParentId\":{\"ParentId\":{\"ParentId\":{\"ParentId\":{\"ParentId\":{\"ParentId\":{\"ParentId\":{}}}}}}}}}"|""|[]|"[\"0015f00000EXU9OAAX\"]"
0015f00000EXU9VAAX|Z/I Imaging Corp. - Huntsville|"{\"ParentId\":{\"ParentId\":{\"ParentId\":{\"ParentId\":{\"ParentId\":{\"ParentId\":{\"ParentId\":{\"ParentId\":{}}}}}}}}}"|""|[]|"[\"0015f00000EXU9VAAX\"]"
0015f00000EXU9hAAH|IBM - Italy|"{\"ParentId\":{\"ParentId\":{\"ParentId\":{\"ParentId\":{\"ParentId\":{\"ParentId\":{\"ParentId\":{\"ParentId\":{}}}}}}}}}"|""|[]|"[\"0015f00000EXU9hAAH\",\"0015f00000EXUD7AAP\"]"
0015f00000EXUAIAA5|Lucent - UK|"{\"ParentId\":{\"ParentId\":{\"ParentId\":{\"ParentId\":{\"ParentId\":{\"ParentId\":{\"ParentId\":{\"ParentId\":{}}}}}}}}}"|""|[]|"[\"0015f00000EXUAIAA5\"]"
0015f00000EXUAaAAP|New Era Sales - Glen Burnie|"{\"ParentId\":{\"ParentId\":{\"ParentId\":{\"ParentId\":{\"ParentId\":{\"ParentId\":{\"ParentId\":{\"ParentId\":{}}}}}}}}}"|""|[]|"[\"0015f00000EXUAaAAP\"]"
0015f00000EXUB1AAP|Pentland Systems Ltd - Scotland|"{\"ParentId\":{\"ParentId\":{\"ParentId\":{\"ParentId\":{\"ParentId\":{\"ParentId\":{\"ParentId\":{\"ParentId\":{}}}}}}}}}"|""|[]|"[\"0015f00000EXUB1AAP\"]"
0015f00000EXUBSAA5|Nextek - Melville|"{\"ParentId\":{\"ParentId\":{\"ParentId\":{\"ParentId\":{\"ParentId\":{\"ParentId\":{\"ParentId\":{\"ParentId\":{}}}}}}}}}"|""|[]|"[\"0015f00000EXUBSAA5\"]"
0015f00000EXUBlAAP|Jenn's Customer - San Jose|"{\"ParentId\":{\"ParentId\":{\"ParentId\":{\"ParentId\":{\"ParentId\":{\"ParentId\":{\"ParentId\":{\"ParentId\":{}}}}}}}}}"|""|[]|"[\"0015f00000EXUBlAAP\"]"
0015f00000EXU9ZAAX|Acuson - Santa Clara|"{\"ParentId\":{\"ParentId\":{\"ParentId\":{\"ParentId\":{\"ParentId\":{\"ParentId\":{\"ParentId\":{\"ParentId\":{}}}}}}}}}"|""|[]|"[\"0015f00000EXU9ZAAX\"]"
0015f00000EXUASAA5|Metawave Video Sys - Newbury|"{\"ParentId\":{\"ParentId\":{\"ParentId\":{\"ParentId\":{\"ParentId\":{\"ParentId\":{\"ParentId\":{\"ParentId\":{}}}}}}}}}"|""|[]|"[\"0015f00000EXUASAA5\"]"
0015f00000EXUBOAA5|Vmetro Asa|"{\"ParentId\":{\"ParentId\":{\"ParentId\":{\"ParentId\":{\"ParentId\":{\"ParentId\":{\"ParentId\":{\"ParentId\":{}}}}}}}}}"|""|[]|"[\"0015f00000EXUBOAA5\"]"
0015f00000EXUDPAA5|Digimix - CE Drachten|"{\"ParentId\":{\"ParentId\":{\"ParentId\":{\"ParentId\":{\"ParentId\":{\"ParentId\":{\"ParentId\":{\"ParentId\":{}}}}}}}}}"|""|[]|"[\"0015f00000EXUDPAA5\"]"
0015f00000EXUBNAA5|Vision Tech - Calabasas|"{\"ParentId\":{\"ParentId\":{\"ParentId\":{\"ParentId\":{\"ParentId\":{\"ParentId\":{\"ParentId\":{\"ParentId\":{}}}}}}}}}"|""|[]|"[\"0015f00000EXUBNAA5\"]"
0015f00000EXUCIAA5|Benchmark - Hudson|"{\"Id\":\"0015f00000EXUCLAA5\",\"Name\":\"BenchMark - Texas\",\"ParentId\":{\"ParentId\":{\"ParentId\":{\"ParentId\":{\"ParentId\":{\"ParentId\":{\"ParentId\":{\"ParentId\":{}}}}}}}}}"|""|"[\"0015f00000EXUCLAA5\"]"|"[\"0015f00000EXUCIAA5\",\"0015f00000EXUCGAA5\"]"
0015f00000EXUCfAAP|Ericsson Cables AB - Sundbyberg|"{\"ParentId\":{\"ParentId\":{\"ParentId\":{\"ParentId\":{\"ParentId\":{\"ParentId\":{\"ParentId\":{\"ParentId\":{}}}}}}}}}"|""|[]|"[\"0015f00000EXUCfAAP\"]"
0015f00000EXUCgAAP|Eurotel - Winchester|"{\"ParentId\":{\"ParentId\":{\"ParentId\":{\"ParentId\":{\"ParentId\":{\"ParentId\":{\"ParentId\":{\"ParentId\":{}}}}}}}}}"|""|[]|"[\"0015f00000EXUCgAAP\"]"
0015f00000EXUDTAA5|Dovatron - Clearwater|"{\"ParentId\":{\"ParentId\":{\"ParentId\":{\"ParentId\":{\"ParentId\":{\"ParentId\":{\"ParentId\":{\"ParentId\":{}}}}}}}}}"|""|[]|"[\"0015f00000EXUDTAA5\"]"
0015f00000EXUDcAAP|Dynamic Details - Dallas|"{\"ParentId\":{\"ParentId\":{\"ParentId\":{\"ParentId\":{\"ParentId\":{\"ParentId\":{\"ParentId\":{\"ParentId\":{}}}}}}}}}"|""|[]|"[\"0015f00000EXUDcAAP\"]"
0015f00000BiNScAAN|United Oil & Gas Corp.|"{\"ParentId\":{\"ParentId\":{\"ParentId\":{\"ParentId\":{\"ParentId\":{\"ParentId\":{\"ParentId\":{\"ParentId\":{}}}}}}}}}"|Customer - Direct|[]|"[\"0015f00000BiNScAAN\"]"
0015f00000EXUA1AAP|Kentrox - OR|"{\"ParentId\":{\"ParentId\":{\"ParentId\":{\"ParentId\":{\"ParentId\":{\"ParentId\":{\"ParentId\":{\"ParentId\":{}}}}}}}}}"|""|[]|"[\"0015f00000EXUA1AAP\"]"
0015f00000EXUA5AAP|LC Audio Technology - Holstebro|"{\"ParentId\":{\"ParentId\":{\"ParentId\":{\"ParentId\":{\"ParentId\":{\"ParentId\":{\"ParentId\":{\"ParentId\":{}}}}}}}}}"|""|[]|"[\"0015f00000EXUA5AAP\"]"
0015f00000EXUCFAA5|Bell & Howell|"{\"ParentId\":{\"ParentId\":{\"ParentId\":{\"ParentId\":{\"ParentId\":{\"ParentId\":{\"ParentId\":{\"ParentId\":{}}}}}}}}}"|""|[]|"[\"0015f00000EXUCFAA5\"]"
0015f00000EXUCNAA5|BMK Professional - Augsburg|"{\"ParentId\":{\"ParentId\":{\"ParentId\":{\"ParentId\":{\"ParentId\":{\"ParentId\":{\"ParentId\":{\"ParentId\":{}}}}}}}}}"|""|[]|"[\"0015f00000EXUCNAA5\"]"
0015f00000EXUCWAA5|Electrodyne - Salt Lake City|"{\"ParentId\":{\"ParentId\":{\"ParentId\":{\"ParentId\":{\"ParentId\":{\"ParentId\":{\"ParentId\":{\"ParentId\":{}}}}}}}}}"|""|[]|"[\"0015f00000EXUCWAA5\"]"
0015f00000EXUCXAA5|Electronic Center|"{\"ParentId\":{\"ParentId\":{\"ParentId\":{\"ParentId\":{\"ParentId\":{\"ParentId\":{\"ParentId\":{\"ParentId\":{}}}}}}}}}"|""|[]|"[\"0015f00000EXUCXAA5\"]"
0015f00000EXUCdAAP|Epicom - Madrid|"{\"ParentId\":{\"ParentId\":{\"ParentId\":{\"ParentId\":{\"ParentId\":{\"ParentId\":{\"ParentId\":{\"ParentId\":{}}}}}}}}}"|""|[]|"[\"0015f00000EXUCdAAP\"]"
0015f00000EXUCsAAP|Geologic Systems Ltd - Port Moody|"{\"ParentId\":{\"ParentId\":{\"ParentId\":{\"ParentId\":{\"ParentId\":{\"ParentId\":{\"ParentId\":{\"ParentId\":{}}}}}}}}}"|""|[]|"[\"0015f00000EXUCsAAP\"]"
0015f00000EXUDVAA5|Dovatron - Mexico|"{\"ParentId\":{\"ParentId\":{\"ParentId\":{\"ParentId\":{\"ParentId\":{\"ParentId\":{\"ParentId\":{\"ParentId\":{}}}}}}}}}"|""|[]|"[\"0015f00000EXUDVAA5\"]"
0015f00000EXUDdAAP|Dynamic Engineers - Houston|"{\"ParentId\":{\"ParentId\":{\"ParentId\":{\"ParentId\":{\"ParentId\":{\"ParentId\":{\"ParentId\":{\"ParentId\":{}}}}}}}}}"|""|[]|"[\"0015f00000EXUDdAAP\"]"
0015f00000EXU9UAAX|Williams|"{\"ParentId\":{\"ParentId\":{\"ParentId\":{\"ParentId\":{\"ParentId\":{\"ParentId\":{\"ParentId\":{\"ParentId\":{}}}}}}}}}"|""|[]|"[\"0015f00000EXU9UAAX\"]"
0015f00000EXUBRAA5|Tektronix - Los Angeles|"{\"ParentId\":{\"ParentId\":{\"ParentId\":{\"ParentId\":{\"ParentId\":{\"ParentId\":{\"ParentId\":{\"ParentId\":{}}}}}}}}}"|""|[]|"[\"0015f00000EXUBRAA5\"]"
0015f00000EXUBYAA5|Flextronics - Milpitas|"{\"ParentId\":{\"ParentId\":{\"ParentId\":{\"ParentId\":{\"ParentId\":{\"ParentId\":{\"ParentId\":{\"ParentId\":{}}}}}}}}}"|""|[]|"[\"0015f00000EXUBYAA5\"]"
0015f00000EXUC4AAP|Celestica - Toronto|"{\"ParentId\":{\"ParentId\":{\"ParentId\":{\"ParentId\":{\"ParentId\":{\"ParentId\":{\"ParentId\":{\"ParentId\":{}}}}}}}}}"|""|[]|"[\"0015f00000EXUC5AAP\",\"0015f00000EXUC4AAP\"]"
0015f00000EXUDFAA5|Credence Systems - Hillsboro|"{\"ParentId\":{\"ParentId\":{\"ParentId\":{\"ParentId\":{\"ParentId\":{\"ParentId\":{\"ParentId\":{\"ParentId\":{}}}}}}}}}"|""|[]|"[\"0015f00000EXUDFAA5\"]"
0015f00000EXUDaAAP|Dynalab - Columbus|"{\"ParentId\":{\"ParentId\":{\"ParentId\":{\"ParentId\":{\"ParentId\":{\"ParentId\":{\"ParentId\":{\"ParentId\":{}}}}}}}}}"|""|[]|"[\"0015f00000EXUDaAAP\"]"
0015f00000EXU9KAAX|ABB Automation - Vasteras|"{\"Id\":\"0015f00000EXU9MAAX\",\"Name\":\"ABB Industries - Turgi\",\"ParentId\":{\"Id\":\"0015f00000EXU9LAAX\",\"Name\":\"ABB Flex Automation - Norway\",\"ParentId\":{\"ParentId\":{\"ParentId\":{\"ParentId\":{\"ParentId\":{\"ParentId\":{\"ParentId\":{}}}}}}}}}"|""|"[\"0015f00000EXU9LAAX\",\"0015f00000EXU9MAAX\"]"|"[\"0015f00000EXU9KAAX\"]"
0015f00000EXUAoAAP|3Com - Santa Clara|"{\"ParentId\":{\"ParentId\":{\"ParentId\":{\"ParentId\":{\"ParentId\":{\"ParentId\":{\"ParentId\":{\"ParentId\":{}}}}}}}}}"|""|[]|"[\"0015f00000EXUAyAAP\",\"0015f00000EXUApAAP\",\"0015f00000EXUAoAAP\"]"
0015f00000EXUCvAAP|Hamilton Standard - Windsor Locks|"{\"ParentId\":{\"ParentId\":{\"ParentId\":{\"ParentId\":{\"ParentId\":{\"ParentId\":{\"ParentId\":{\"ParentId\":{}}}}}}}}}"|""|[]|"[\"0015f00000EXUCvAAP\"]"
0015f00000EXUDQAA5|Digisafe - Singapore|"{\"ParentId\":{\"ParentId\":{\"ParentId\":{\"ParentId\":{\"ParentId\":{\"ParentId\":{\"ParentId\":{\"ParentId\":{}}}}}}}}}"|""|[]|"[\"0015f00000EXUDQAA5\"]"
0015f00000BiNSYAA3|Burlington Textiles Corp of America|"{\"ParentId\":{\"ParentId\":{\"ParentId\":{\"ParentId\":{\"ParentId\":{\"ParentId\":{\"ParentId\":{\"ParentId\":{}}}}}}}}}"|Customer - Direct|[]|"[\"0015f00000BiNSYAA3\"]"
0015f00000BiNSbAAN|Grand Hotels & Resorts Ltd|"{\"ParentId\":{\"ParentId\":{\"ParentId\":{\"ParentId\":{\"ParentId\":{\"ParentId\":{\"ParentId\":{\"ParentId\":{}}}}}}}}}"|Customer - Direct|[]|"[\"0015f00000BiNSbAAN\"]"
0015f00000EXU9SAAX|Tecnomics|"{\"ParentId\":{\"ParentId\":{\"ParentId\":{\"ParentId\":{\"ParentId\":{\"ParentId\":{\"ParentId\":{\"ParentId\":{}}}}}}}}}"|Disti|[]|"[\"0015f00000EXU9SAAX\"]"
0015f00000EXUBvAAP|Thomson CSF - Sextant|"{\"ParentId\":{\"ParentId\":{\"ParentId\":{\"ParentId\":{\"ParentId\":{\"ParentId\":{\"ParentId\":{\"ParentId\":{}}}}}}}}}"|""|[]|"[\"0015f00000EXUBvAAP\"]"
0015f00000EXUByAAP|Dasani - Berkeley|"{\"ParentId\":{\"ParentId\":{\"ParentId\":{\"ParentId\":{\"ParentId\":{\"ParentId\":{\"ParentId\":{\"ParentId\":{}}}}}}}}}"|""|[]|"[\"0015f00000EXUByAAP\"]"
0015f00000EXUC2AAP|Slayers Inc - Walnut Creek|"{\"ParentId\":{\"ParentId\":{\"ParentId\":{\"ParentId\":{\"ParentId\":{\"ParentId\":{\"ParentId\":{\"ParentId\":{}}}}}}}}}"|""|[]|"[\"0015f00000EXUC2AAP\"]"
0015f00000BiNShAAN|GenePoint|"{\"ParentId\":{\"ParentId\":{\"ParentId\":{\"ParentId\":{\"ParentId\":{\"ParentId\":{\"ParentId\":{\"ParentId\":{}}}}}}}}}"|Customer - Channel|[]|"[\"0015f00000BiNShAAN\"]"
0015f00000EXUA8AAP|Lockheed Martin - Johnson City|"{\"Id\":\"0015f00000EXUA9AAP\",\"Name\":\"Lockheed Martin - Orlando\",\"ParentId\":{\"ParentId\":{\"ParentId\":{\"ParentId\":{\"ParentId\":{\"ParentId\":{\"ParentId\":{\"ParentId\":{}}}}}}}}}"|""|"[\"0015f00000EXUA9AAP\"]"|"[\"0015f00000EXUA8AAP\"]"
0015f00000EXUAdAAP|Nortel - Canada|"{\"ParentId\":{\"ParentId\":{\"ParentId\":{\"ParentId\":{\"ParentId\":{\"ParentId\":{\"ParentId\":{\"ParentId\":{}}}}}}}}}"|""|[]|"[\"0015f00000EXUAdAAP\"]"
0015f00000EXUBHAA5|Triplex - Columbia|"{\"ParentId\":{\"ParentId\":{\"ParentId\":{\"ParentId\":{\"ParentId\":{\"ParentId\":{\"ParentId\":{\"ParentId\":{}}}}}}}}}"|""|[]|"[\"0015f00000EXUBHAA5\"]"
0015f00000EXUBtAAP|Teradyne - San Jose|"{\"ParentId\":{\"ParentId\":{\"ParentId\":{\"ParentId\":{\"ParentId\":{\"ParentId\":{\"ParentId\":{\"ParentId\":{}}}}}}}}}"|""|[]|"[\"0015f00000EXUBtAAP\"]"
0015f00000EXUC3AAP|Celestica - San Jose|"{\"ParentId\":{\"ParentId\":{\"ParentId\":{\"ParentId\":{\"ParentId\":{\"ParentId\":{\"ParentId\":{\"ParentId\":{}}}}}}}}}"|""|[]|"[\"0015f00000EXUC3AAP\",\"0015f00000EXUCPAA5\",\"0015f00000EXUCOAA5\"]"
0015f00000EXUCnAAP|General Dynamics - Millstream|"{\"ParentId\":{\"ParentId\":{\"ParentId\":{\"ParentId\":{\"ParentId\":{\"ParentId\":{\"ParentId\":{\"ParentId\":{}}}}}}}}}"|""|[]|"[\"0015f00000EXUCnAAP\"]"
0015f00000EXUCrAAP|Geocast - Beaverton|"{\"ParentId\":{\"ParentId\":{\"ParentId\":{\"ParentId\":{\"ParentId\":{\"ParentId\":{\"ParentId\":{\"ParentId\":{}}}}}}}}}"|""|[]|"[\"0015f00000EXUCrAAP\"]"
0015f00000EXUCyAAP|Honeywell - Redmond|"{\"ParentId\":{\"ParentId\":{\"ParentId\":{\"ParentId\":{\"ParentId\":{\"ParentId\":{\"ParentId\":{\"ParentId\":{}}}}}}}}}"|""|[]|"[\"0015f00000EXUCyAAP\"]"
0015f00000EXU9fAAH|Teco|"{\"ParentId\":{\"ParentId\":{\"ParentId\":{\"ParentId\":{\"ParentId\":{\"ParentId\":{\"ParentId\":{\"ParentId\":{}}}}}}}}}"|""|[]|"[\"0015f00000EXU9fAAH\"]"
0015f00000EXU9kAAH|IBM - Raleigh|"{\"Id\":\"0015f00000EXU9lAAH\",\"Name\":\"IBM - Rochester\",\"ParentId\":{\"Id\":\"0015f00000EXU9mAAH\",\"Name\":\"IBM - Vermont\",\"ParentId\":{\"Id\":\"0015f00000EXU9jAAH\",\"Name\":\"IBM - New York\",\"ParentId\":{\"ParentId\":{\"ParentId\":{\"ParentId\":{\"ParentId\":{\"ParentId\":{}}}}}}}}}"|""|"[\"0015f00000EXU9jAAH\",\"0015f00000EXU9mAAH\",\"0015f00000EXU9lAAH\"]"|"[\"0015f00000EXU9kAAH\"]"
0015f00000EXU9sAAH|Intercomp - Fort Lauderdale|"{\"ParentId\":{\"ParentId\":{\"ParentId\":{\"ParentId\":{\"ParentId\":{\"ParentId\":{\"ParentId\":{\"ParentId\":{}}}}}}}}}"|""|[]|"[\"0015f00000EXU9sAAH\"]"
0015f00000EXUAPAA5|Medtronic - Accounts Payable|"{\"ParentId\":{\"ParentId\":{\"ParentId\":{\"ParentId\":{\"ParentId\":{\"ParentId\":{\"ParentId\":{\"ParentId\":{}}}}}}}}}"|""|[]|"[\"0015f00000EXUAPAA5\"]"
0015f00000EXUAZAA5|Network Alchemy - Watford|"{\"ParentId\":{\"ParentId\":{\"ParentId\":{\"ParentId\":{\"ParentId\":{\"ParentId\":{\"ParentId\":{\"ParentId\":{}}}}}}}}}"|""|[]|"[\"0015f00000EXUAZAA5\"]"
0015f00000EXUBVAA5|CMC - Walnut Creek|"{\"ParentId\":{\"ParentId\":{\"ParentId\":{\"ParentId\":{\"ParentId\":{\"ParentId\":{\"ParentId\":{\"ParentId\":{}}}}}}}}}"|""|[]|"[\"0015f00000EXUBVAA5\"]"
0015f00000EXUCAAA5|Andersen - Austin|"{\"ParentId\":{\"ParentId\":{\"ParentId\":{\"ParentId\":{\"ParentId\":{\"ParentId\":{\"ParentId\":{\"ParentId\":{}}}}}}}}}"|""|[]|"[\"0015f00000EXUCAAA5\"]"
0015f00000EXUCMAA5|Blue Wave Systems - Carrollton|"{\"ParentId\":{\"ParentId\":{\"ParentId\":{\"ParentId\":{\"ParentId\":{\"ParentId\":{\"ParentId\":{\"ParentId\":{}}}}}}}}}"|""|[]|"[\"0015f00000EXUCMAA5\"]"
0015f00000EXUDJAA5|Delphi Engineering - Costa Mesa|"{\"ParentId\":{\"ParentId\":{\"ParentId\":{\"ParentId\":{\"ParentId\":{\"ParentId\":{\"ParentId\":{\"ParentId\":{}}}}}}}}}"|""|[]|"[\"0015f00000EXUDJAA5\"]"
0015f00000BiNSZAA3|Pyramid Construction Inc.|"{\"ParentId\":{\"ParentId\":{\"ParentId\":{\"ParentId\":{\"ParentId\":{\"ParentId\":{\"ParentId\":{\"ParentId\":{}}}}}}}}}"|Customer - Channel|[]|"[\"0015f00000BiNSZAA3\"]"
0015f00000BiNSfAAN|United Oil & Gas, UK|"{\"ParentId\":{\"ParentId\":{\"ParentId\":{\"ParentId\":{\"ParentId\":{\"ParentId\":{\"ParentId\":{\"ParentId\":{}}}}}}}}}"|Customer - Direct|[]|"[\"0015f00000BiNSfAAN\"]"
0015f00000EXU9bAAH|Tecnomics - Germany|"{\"ParentId\":{\"ParentId\":{\"ParentId\":{\"ParentId\":{\"ParentId\":{\"ParentId\":{\"ParentId\":{\"ParentId\":{}}}}}}}}}"|""|[]|"[\"0015f00000EXU9bAAH\"]"
0015f00000EXUAKAA5|Marconi - Aerospace|"{\"ParentId\":{\"ParentId\":{\"ParentId\":{\"ParentId\":{\"ParentId\":{\"ParentId\":{\"ParentId\":{\"ParentId\":{}}}}}}}}}"|""|[]|"[\"0015f00000EXUAKAA5\"]"
0015f00000EXUCUAA5|Elec Comp & Sys Inc|"{\"ParentId\":{\"ParentId\":{\"ParentId\":{\"ParentId\":{\"ParentId\":{\"ParentId\":{\"ParentId\":{\"ParentId\":{}}}}}}}}}"|""|[]|"[\"0015f00000EXUCUAA5\"]"
0015f00000EXUDGAA5|Crescent Heart Softw - Portland|"{\"ParentId\":{\"ParentId\":{\"ParentId\":{\"ParentId\":{\"ParentId\":{\"ParentId\":{\"ParentId\":{\"ParentId\":{}}}}}}}}}"|""|[]|"[\"0015f00000EXUDGAA5\"]"
0015f00000EXUDZAA5|Dynacs Engineering - Kennedy Space|"{\"ParentId\":{\"ParentId\":{\"ParentId\":{\"ParentId\":{\"ParentId\":{\"ParentId\":{\"ParentId\":{\"ParentId\":{}}}}}}}}}"|""|[]|"[\"0015f00000EXUDZAA5\"]"
0015f00000EXU9eAAH|Synplicity - Sunnyvale|"{\"ParentId\":{\"ParentId\":{\"ParentId\":{\"ParentId\":{\"ParentId\":{\"ParentId\":{\"ParentId\":{\"ParentId\":{}}}}}}}}}"|""|[]|"[\"0015f00000EXU9eAAH\"]"
0015f00000EXUAbAAP|Nijkerk Electronics - Amsterdam|"{\"ParentId\":{\"ParentId\":{\"ParentId\":{\"ParentId\":{\"ParentId\":{\"ParentId\":{\"ParentId\":{\"ParentId\":{}}}}}}}}}"|""|[]|"[\"0015f00000EXUAbAAP\"]"
0015f00000EXUAiAAP|Northrup Grumman - Baltimore|"{\"ParentId\":{\"ParentId\":{\"ParentId\":{\"ParentId\":{\"ParentId\":{\"ParentId\":{\"ParentId\":{\"ParentId\":{}}}}}}}}}"|""|[]|"[\"0015f00000EXUAiAAP\"]"
0015f00000EXUClAAP|Flash Electronics|"{\"ParentId\":{\"ParentId\":{\"ParentId\":{\"ParentId\":{\"ParentId\":{\"ParentId\":{\"ParentId\":{\"ParentId\":{}}}}}}}}}"|""|[]|"[\"0015f00000EXUClAAP\"]"
0015f00000EXU9JAAX|A & A Electronics - San Diego|"{\"ParentId\":{\"ParentId\":{\"ParentId\":{\"ParentId\":{\"ParentId\":{\"ParentId\":{\"ParentId\":{\"ParentId\":{}}}}}}}}}"|""|[]|"[\"0015f00000EXU9JAAX\"]"
0015f00000EXUACAA5|LTX - Westford|"{\"ParentId\":{\"ParentId\":{\"ParentId\":{\"ParentId\":{\"ParentId\":{\"ParentId\":{\"ParentId\":{\"ParentId\":{}}}}}}}}}"|""|[]|"[\"0015f00000EXUACAA5\"]"
0015f00000EXUBKAA5|Unisys - Bismarck|"{\"ParentId\":{\"ParentId\":{\"ParentId\":{\"ParentId\":{\"ParentId\":{\"ParentId\":{\"ParentId\":{\"ParentId\":{}}}}}}}}}"|""|[]|"[\"0015f00000EXUBKAA5\"]"
0015f00000EXUBQAA5|Integrated Measure - San Diego|"{\"ParentId\":{\"ParentId\":{\"ParentId\":{\"ParentId\":{\"ParentId\":{\"ParentId\":{\"ParentId\":{\"ParentId\":{}}}}}}}}}"|""|[]|"[\"0015f00000EXUBQAA5\"]"
0015f00000EXUDOAA5|Digidesign - Willow Rd|"{\"Id\":\"0015f00000EXUDNAA5\",\"Name\":\"Digidesign - Marsh Rd\",\"ParentId\":{\"ParentId\":{\"ParentId\":{\"ParentId\":{\"ParentId\":{\"ParentId\":{\"ParentId\":{\"ParentId\":{}}}}}}}}}"|""|"[\"0015f00000EXUDNAA5\"]"|"[\"0015f00000EXUDOAA5\"]"
0015f00000BiNSiAAN|sForce|"{\"ParentId\":{\"ParentId\":{\"ParentId\":{\"ParentId\":{\"ParentId\":{\"ParentId\":{\"ParentId\":{\"ParentId\":{}}}}}}}}}"|""|[]|"[\"0015f00000BiNSiAAN\"]"
0015f00000EXU9wAAH|ITS - Northridge|"{\"ParentId\":{\"ParentId\":{\"ParentId\":{\"ParentId\":{\"ParentId\":{\"ParentId\":{\"ParentId\":{\"ParentId\":{}}}}}}}}}"|""|[]|"[\"0015f00000EXU9wAAH\"]"
0015f00000EXUAyAAP|Argon Networks|"{\"Id\":\"0015f00000EXUApAAP\",\"Name\":\"3Com - Mt. Prospect\",\"ParentId\":{\"Id\":\"0015f00000EXUAoAAP\",\"Name\":\"3Com - Santa Clara\",\"ParentId\":{\"ParentId\":{\"ParentId\":{\"ParentId\":{\"ParentId\":{\"ParentId\":{\"ParentId\":{}}}}}}}}}"|""|"[\"0015f00000EXUAoAAP\",\"0015f00000EXUApAAP\"]"|"[\"0015f00000EXUAyAAP\"]"
0015f00000EXUBAAA5|Red River Engg - Dallas|"{\"ParentId\":{\"ParentId\":{\"ParentId\":{\"ParentId\":{\"ParentId\":{\"ParentId\":{\"ParentId\":{\"ParentId\":{}}}}}}}}}"|""|[]|"[\"0015f00000EXUBAAA5\"]"
0015f00000EXUCGAA5|Benchmark - Angelton|"{\"Id\":\"0015f00000EXUCIAA5\",\"Name\":\"Benchmark - Hudson\",\"ParentId\":{\"Id\":\"0015f00000EXUCLAA5\",\"Name\":\"BenchMark - Texas\",\"ParentId\":{\"ParentId\":{\"ParentId\":{\"ParentId\":{\"ParentId\":{\"ParentId\":{\"ParentId\":{}}}}}}}}}"|""|"[\"0015f00000EXUCLAA5\",\"0015f00000EXUCIAA5\"]"|"[\"0015f00000EXUCGAA5\"]"
0015f00000EXUCLAA5|BenchMark - Texas|"{\"ParentId\":{\"ParentId\":{\"ParentId\":{\"ParentId\":{\"ParentId\":{\"ParentId\":{\"ParentId\":{\"ParentId\":{}}}}}}}}}"|""|[]|"[\"0015f00000EXUCJAA5\",\"0015f00000EXUCIAA5\",\"0015f00000EXUCKAA5\",\"0015f00000EXUCHAA5\",\"0015f00000EXUCGAA5\",\"0015f00000EXUCLAA5\"]"
0015f00000EXU9IAAX|4C's Ltd. - Maidenhead|"{\"ParentId\":{\"ParentId\":{\"ParentId\":{\"ParentId\":{\"ParentId\":{\"ParentId\":{\"ParentId\":{\"ParentId\":{}}}}}}}}}"|""|[]|"[\"0015f00000EXU9IAAX\"]"
0015f00000EXU9MAAX|ABB Industries - Turgi|"{\"Id\":\"0015f00000EXU9LAAX\",\"Name\":\"ABB Flex Automation - Norway\",\"ParentId\":{\"ParentId\":{\"ParentId\":{\"ParentId\":{\"ParentId\":{\"ParentId\":{\"ParentId\":{\"ParentId\":{}}}}}}}}}"|""|"[\"0015f00000EXU9LAAX\"]"|"[\"0015f00000EXU9KAAX\",\"0015f00000EXU9MAAX\"]"
0015f00000EXUAMAA5|Marconi - NY|"{\"ParentId\":{\"ParentId\":{\"ParentId\":{\"ParentId\":{\"ParentId\":{\"ParentId\":{\"ParentId\":{\"ParentId\":{}}}}}}}}}"|""|[]|"[\"0015f00000EXUAMAA5\"]"
0015f00000EXUBCAA5|Scantec - Planegg|"{\"ParentId\":{\"ParentId\":{\"ParentId\":{\"ParentId\":{\"ParentId\":{\"ParentId\":{\"ParentId\":{\"ParentId\":{}}}}}}}}}"|""|[]|"[\"0015f00000EXUBCAA5\"]"
0015f00000EXUBmAAP|Science & Technology - Hampton|"{\"ParentId\":{\"ParentId\":{\"ParentId\":{\"ParentId\":{\"ParentId\":{\"ParentId\":{\"ParentId\":{\"ParentId\":{}}}}}}}}}"|""|[]|"[\"0015f00000EXUBmAAP\"]"
0015f00000EXUC7AAP|Circuit Service|"{\"ParentId\":{\"ParentId\":{\"ParentId\":{\"ParentId\":{\"ParentId\":{\"ParentId\":{\"ParentId\":{\"ParentId\":{}}}}}}}}}"|""|[]|"[\"0015f00000EXUC7AAP\"]"
0015f00000EXUCaAAP|Electronic Proj & Co|"{\"Id\":\"0015f00000EXUCbAAP\",\"Name\":\"Electronic Tech. Int\",\"ParentId\":{\"ParentId\":{\"ParentId\":{\"ParentId\":{\"ParentId\":{\"ParentId\":{\"ParentId\":{\"ParentId\":{}}}}}}}}}"|""|"[\"0015f00000EXUCbAAP\"]"|"[\"0015f00000EXUCYAA5\",\"0015f00000EXUCaAAP\"]"
0015f00000EXU9dAAH|Software House Intl - Somerset|"{\"ParentId\":{\"ParentId\":{\"ParentId\":{\"ParentId\":{\"ParentId\":{\"ParentId\":{\"ParentId\":{\"ParentId\":{}}}}}}}}}"|""|[]|"[\"0015f00000EXU9dAAH\"]"
0015f00000EXUB6AAP|Q-Com AB - Taby|"{\"ParentId\":{\"ParentId\":{\"ParentId\":{\"ParentId\":{\"ParentId\":{\"ParentId\":{\"ParentId\":{\"ParentId\":{}}}}}}}}}"|""|[]|"[\"0015f00000EXUB6AAP\"]"
0015f00000EXUBsAAP|TEQ Sales - Elgin|"{\"ParentId\":{\"ParentId\":{\"ParentId\":{\"ParentId\":{\"ParentId\":{\"ParentId\":{\"ParentId\":{\"ParentId\":{}}}}}}}}}"|""|[]|"[\"0015f00000EXUBsAAP\"]"
0015f00000EXUBuAAP|Thomcast - Southwick|"{\"ParentId\":{\"ParentId\":{\"ParentId\":{\"ParentId\":{\"ParentId\":{\"ParentId\":{\"ParentId\":{\"ParentId\":{}}}}}}}}}"|""|[]|"[\"0015f00000EXUBuAAP\"]"
0015f00000EXUCHAA5|Benchmark - Beaverton|"{\"Id\":\"0015f00000EXUCJAA5\",\"Name\":\"Benchmark - Minneapolis\",\"ParentId\":{\"Id\":\"0015f00000EXUCLAA5\",\"Name\":\"BenchMark - Texas\",\"ParentId\":{\"ParentId\":{\"ParentId\":{\"ParentId\":{\"ParentId\":{\"ParentId\":{\"ParentId\":{}}}}}}}}}"|""|"[\"0015f00000EXUCLAA5\",\"0015f00000EXUCJAA5\"]"|"[\"0015f00000EXUCHAA5\"]"
0015f00000EXUCQAA5|Clearcore Comm.|"{\"ParentId\":{\"ParentId\":{\"ParentId\":{\"ParentId\":{\"ParentId\":{\"ParentId\":{\"ParentId\":{\"ParentId\":{}}}}}}}}}"|""|[]|"[\"0015f00000EXUCQAA5\"]"
0015f00000EXU9nAAH|Image Data - Nashua|"{\"ParentId\":{\"ParentId\":{\"ParentId\":{\"ParentId\":{\"ParentId\":{\"ParentId\":{\"ParentId\":{\"ParentId\":{}}}}}}}}}"|""|[]|"[\"0015f00000EXU9nAAH\"]"
0015f00000EXU9qAAH|IMS Deutschland GmbH - Dresden|"{\"ParentId\":{\"ParentId\":{\"ParentId\":{\"ParentId\":{\"ParentId\":{\"ParentId\":{\"ParentId\":{\"ParentId\":{}}}}}}}}}"|""|[]|"[\"0015f00000EXU9qAAH\"]"
0015f00000EXUATAA5|Minolta Systems Lab|"{\"ParentId\":{\"ParentId\":{\"ParentId\":{\"ParentId\":{\"ParentId\":{\"ParentId\":{\"ParentId\":{\"ParentId\":{}}}}}}}}}"|""|[]|"[\"0015f00000EXUATAA5\"]"
0015f00000EXUAlAAP|Nova Marketing - Dallas|"{\"ParentId\":{\"ParentId\":{\"ParentId\":{\"ParentId\":{\"ParentId\":{\"ParentId\":{\"ParentId\":{\"ParentId\":{}}}}}}}}}"|""|[]|"[\"0015f00000EXUAlAAP\"]"
0015f00000EXUBDAA5|SCI Systems - Colorado Springs|"{\"ParentId\":{\"ParentId\":{\"ParentId\":{\"ParentId\":{\"ParentId\":{\"ParentId\":{\"ParentId\":{\"ParentId\":{}}}}}}}}}"|""|[]|"[\"0015f00000EXUBDAA5\"]"
0015f00000EXUBIAA5|Zhone - Santa Clara|"{\"ParentId\":{\"ParentId\":{\"ParentId\":{\"ParentId\":{\"ParentId\":{\"ParentId\":{\"ParentId\":{\"ParentId\":{}}}}}}}}}"|""|[]|"[\"0015f00000EXUBIAA5\"]"
0015f00000EXUBTAA5|Pyxis Corporation - New York|"{\"ParentId\":{\"ParentId\":{\"ParentId\":{\"ParentId\":{\"ParentId\":{\"ParentId\":{\"ParentId\":{\"ParentId\":{}}}}}}}}}"|""|[]|"[\"0015f00000EXUBTAA5\"]"
0015f00000EXUC6AAP|Circuit Design - Dallas|"{\"ParentId\":{\"ParentId\":{\"ParentId\":{\"ParentId\":{\"ParentId\":{\"ParentId\":{\"ParentId\":{\"ParentId\":{}}}}}}}}}"|""|[]|"[\"0015f00000EXUC6AAP\"]"
0015f00000EXUCzAAP|Honeywell - Tucson|"{\"ParentId\":{\"ParentId\":{\"ParentId\":{\"ParentId\":{\"ParentId\":{\"ParentId\":{\"ParentId\":{\"ParentId\":{}}}}}}}}}"|""|[]|"[\"0015f00000EXUCzAAP\"]"
0015f00000EXU9PAAX|Acquisition Services|"{\"ParentId\":{\"ParentId\":{\"ParentId\":{\"ParentId\":{\"ParentId\":{\"ParentId\":{\"ParentId\":{\"ParentId\":{}}}}}}}}}"|""|[]|"[\"0015f00000EXU9PAAX\"]"
0015f00000EXU9tAAH|Interface - Franklin|"{\"ParentId\":{\"ParentId\":{\"ParentId\":{\"ParentId\":{\"ParentId\":{\"ParentId\":{\"ParentId\":{\"ParentId\":{}}}}}}}}}"|""|[]|"[\"0015f00000EXU9tAAH\"]"
0015f00000EXU9xAAH|Jabil Circuits - Boston|"{\"ParentId\":{\"ParentId\":{\"ParentId\":{\"ParentId\":{\"ParentId\":{\"ParentId\":{\"ParentId\":{\"ParentId\":{}}}}}}}}}"|""|[]|"[\"0015f00000EXU9xAAH\"]"
0015f00000EXUAcAAP|Nikhef - Amsterdam|"{\"ParentId\":{\"ParentId\":{\"ParentId\":{\"ParentId\":{\"ParentId\":{\"ParentId\":{\"ParentId\":{\"ParentId\":{}}}}}}}}}"|""|[]|"[\"0015f00000EXUAcAAP\"]"
0015f00000EXUBoAAP|Sierra Design Labs - Carson City|"{\"ParentId\":{\"ParentId\":{\"ParentId\":{\"ParentId\":{\"ParentId\":{\"ParentId\":{\"ParentId\":{\"ParentId\":{}}}}}}}}}"|""|[]|"[\"0015f00000EXUBoAAP\"]"
0015f00000EXUCKAA5|Benchmark - Newton|"{\"Id\":\"0015f00000EXUCJAA5\",\"Name\":\"Benchmark - Minneapolis\",\"ParentId\":{\"Id\":\"0015f00000EXUCLAA5\",\"Name\":\"BenchMark - Texas\",\"ParentId\":{\"ParentId\":{\"ParentId\":{\"ParentId\":{\"ParentId\":{\"ParentId\":{\"ParentId\":{}}}}}}}}}"|""|"[\"0015f00000EXUCLAA5\",\"0015f00000EXUCJAA5\"]"|"[\"0015f00000EXUCKAA5\"]"
0015f00000EXU9WAAX|Ziatech|"{\"ParentId\":{\"ParentId\":{\"ParentId\":{\"ParentId\":{\"ParentId\":{\"ParentId\":{\"ParentId\":{\"ParentId\":{}}}}}}}}}"|""|[]|"[\"0015f00000EXU9WAAX\"]"
0015f00000EXUAXAA5|Motorola|"{\"ParentId\":{\"ParentId\":{\"ParentId\":{\"ParentId\":{\"ParentId\":{\"ParentId\":{\"ParentId\":{\"ParentId\":{}}}}}}}}}"|""|[]|"[\"0015f00000EXUAXAA5\"]"
0015f00000EXUAfAAP|Nortel - Raleigh|"{\"ParentId\":{\"ParentId\":{\"ParentId\":{\"ParentId\":{\"ParentId\":{\"ParentId\":{\"ParentId\":{\"ParentId\":{}}}}}}}}}"|""|[]|"[\"0015f00000EXUAfAAP\"]"
0015f00000EXUAnAAP|Avnet|"{\"ParentId\":{\"ParentId\":{\"ParentId\":{\"ParentId\":{\"ParentId\":{\"ParentId\":{\"ParentId\":{\"ParentId\":{}}}}}}}}}"|Disti|[]|"[\"0015f00000EXUAnAAP\"]"
0015f00000EXUAsAAP|3D Sales - Brookfield|"{\"Id\":\"0015f00000EXUArAAP\",\"Name\":\"3D Labs - Sunnyvale\",\"ParentId\":{\"ParentId\":{\"ParentId\":{\"ParentId\":{\"ParentId\":{\"ParentId\":{\"ParentId\":{\"ParentId\":{}}}}}}}}}"|""|"[\"0015f00000EXUArAAP\"]"|"[\"0015f00000EXUAsAAP\"]"
0015f00000EXUAuAAP|4 Links - UK|"{\"ParentId\":{\"ParentId\":{\"ParentId\":{\"ParentId\":{\"ParentId\":{\"ParentId\":{\"ParentId\":{\"ParentId\":{}}}}}}}}}"|""|[]|"[\"0015f00000EXUAuAAP\"]"
0015f00000EXUAwAAP|Alcatel - Richardson|"{\"ParentId\":{\"ParentId\":{\"ParentId\":{\"ParentId\":{\"ParentId\":{\"ParentId\":{\"ParentId\":{\"ParentId\":{}}}}}}}}}"|""|[]|"[\"0015f00000EXUAwAAP\"]"
0015f00000EXUCTAA5|Elcom|"{\"ParentId\":{\"ParentId\":{\"ParentId\":{\"ParentId\":{\"ParentId\":{\"ParentId\":{\"ParentId\":{\"ParentId\":{}}}}}}}}}"|""|[]|"[\"0015f00000EXUCTAA5\"]"
0015f00000EXUCoAAP|General Dynamics - Raleigh|"{\"ParentId\":{\"ParentId\":{\"ParentId\":{\"ParentId\":{\"ParentId\":{\"ParentId\":{\"ParentId\":{\"ParentId\":{}}}}}}}}}"|""|[]|"[\"0015f00000EXUCoAAP\"]"
0015f00000EXUD2AAP|IBM - Boulder|"{\"Id\":\"0015f00000EXUD1AAP\",\"Name\":\"IBM - Austin\",\"ParentId\":{\"Id\":\"0015f00000EXU9jAAH\",\"Name\":\"IBM - New York\",\"ParentId\":{\"ParentId\":{\"ParentId\":{\"ParentId\":{\"ParentId\":{\"ParentId\":{\"ParentId\":{}}}}}}}}}"|""|"[\"0015f00000EXU9jAAH\",\"0015f00000EXUD1AAP\"]"|"[\"0015f00000EXUD4AAP\",\"0015f00000EXUD2AAP\"]"
0015f00000EXU9YAAX|Sony - San Jose|"{\"ParentId\":{\"ParentId\":{\"ParentId\":{\"ParentId\":{\"ParentId\":{\"ParentId\":{\"ParentId\":{\"ParentId\":{}}}}}}}}}"|""|[]|"[\"0015f00000EXU9YAAX\"]"
0015f00000EXUAAAA5|Lockheed Martin - Owego|"{\"Id\":\"0015f00000EXUA9AAP\",\"Name\":\"Lockheed Martin - Orlando\",\"ParentId\":{\"ParentId\":{\"ParentId\":{\"ParentId\":{\"ParentId\":{\"ParentId\":{\"ParentId\":{\"ParentId\":{}}}}}}}}}"|""|"[\"0015f00000EXUA9AAP\"]"|"[\"0015f00000EXUAAAA5\"]"
0015f00000EXUABAA5|LTX - San Jose|"{\"ParentId\":{\"ParentId\":{\"ParentId\":{\"ParentId\":{\"ParentId\":{\"ParentId\":{\"ParentId\":{\"ParentId\":{}}}}}}}}}"|""|[]|"[\"0015f00000EXUABAA5\"]"
0015f00000EXUAJAA5|M&S Systems Inc. - Dallas|"{\"ParentId\":{\"ParentId\":{\"ParentId\":{\"ParentId\":{\"ParentId\":{\"ParentId\":{\"ParentId\":{\"ParentId\":{}}}}}}}}}"|""|[]|"[\"0015f00000EXUAJAA5\"]"
0015f00000EXUAjAAP|Northrup Grumman - Rolling Meadows|"{\"ParentId\":{\"ParentId\":{\"ParentId\":{\"ParentId\":{\"ParentId\":{\"ParentId\":{\"ParentId\":{\"ParentId\":{}}}}}}}}}"|""|[]|"[\"0015f00000EXUAjAAP\"]"
0015f00000EXUArAAP|3D Labs - Sunnyvale|"{\"ParentId\":{\"ParentId\":{\"ParentId\":{\"ParentId\":{\"ParentId\":{\"ParentId\":{\"ParentId\":{\"ParentId\":{}}}}}}}}}"|""|[]|"[\"0015f00000EXUAtAAP\",\"0015f00000EXUAsAAP\",\"0015f00000EXUArAAP\"]"
0015f00000EXUAvAAP|Aerospatiale Bourges - Bourges|"{\"ParentId\":{\"ParentId\":{\"ParentId\":{\"ParentId\":{\"ParentId\":{\"ParentId\":{\"ParentId\":{\"ParentId\":{}}}}}}}}}"|""|[]|"[\"0015f00000EXUAvAAP\"]"
0015f00000EXUBdAAP|AP Microelectronic - Minden|"{\"ParentId\":{\"ParentId\":{\"ParentId\":{\"ParentId\":{\"ParentId\":{\"ParentId\":{\"ParentId\":{\"ParentId\":{}}}}}}}}}"|""|[]|"[\"0015f00000EXUBdAAP\"]"
0015f00000EXUC8AAP|Claitron - Silverstar|"{\"ParentId\":{\"ParentId\":{\"ParentId\":{\"ParentId\":{\"ParentId\":{\"ParentId\":{\"ParentId\":{\"ParentId\":{}}}}}}}}}"|""|[]|"[\"0015f00000EXUC8AAP\"]"
0015f00000EXUCZAA5|Electronic Fab Tech|"{\"Id\":\"0015f00000EXUCbAAP\",\"Name\":\"Electronic Tech. Int\",\"ParentId\":{\"ParentId\":{\"ParentId\":{\"ParentId\":{\"ParentId\":{\"ParentId\":{\"ParentId\":{\"ParentId\":{}}}}}}}}}"|""|"[\"0015f00000EXUCbAAP\"]"|"[\"0015f00000EXUCZAA5\"]"
0015f00000EXUCiAAP|First Fibre Comm - York|"{\"ParentId\":{\"ParentId\":{\"ParentId\":{\"ParentId\":{\"ParentId\":{\"ParentId\":{\"ParentId\":{\"ParentId\":{}}}}}}}}}"|""|[]|"[\"0015f00000EXUCiAAP\"]"
0015f00000EXUDYAA5|Duran Audio BV - Zaltbommel|"{\"ParentId\":{\"ParentId\":{\"ParentId\":{\"ParentId\":{\"ParentId\":{\"ParentId\":{\"ParentId\":{\"ParentId\":{}}}}}}}}}"|""|[]|"[\"0015f00000EXUDYAA5\"]"
0015f00000EXU9XAAX|Cisco - San Jose|"{\"ParentId\":{\"ParentId\":{\"ParentId\":{\"ParentId\":{\"ParentId\":{\"ParentId\":{\"ParentId\":{\"ParentId\":{}}}}}}}}}"|""|[]|"[\"0015f00000EXU9XAAX\"]"
0015f00000EXUA7AAP|Lockheed Martin - Akron|"{\"Id\":\"0015f00000EXUA9AAP\",\"Name\":\"Lockheed Martin - Orlando\",\"ParentId\":{\"ParentId\":{\"ParentId\":{\"ParentId\":{\"ParentId\":{\"ParentId\":{\"ParentId\":{\"ParentId\":{}}}}}}}}}"|""|"[\"0015f00000EXUA9AAP\"]"|"[\"0015f00000EXUA7AAP\"]"
0015f00000EXUADAA5|Lucas Trading Co - Kwun Tong|"{\"ParentId\":{\"ParentId\":{\"ParentId\":{\"ParentId\":{\"ParentId\":{\"ParentId\":{\"ParentId\":{\"ParentId\":{}}}}}}}}}"|""|[]|"[\"0015f00000EXUADAA5\"]"
0015f00000EXUALAA5|Marconi - Highland Heights|"{\"ParentId\":{\"ParentId\":{\"ParentId\":{\"ParentId\":{\"ParentId\":{\"ParentId\":{\"ParentId\":{\"ParentId\":{}}}}}}}}}"|""|[]|"[\"0015f00000EXUALAA5\"]"
0015f00000EXUBLAA5|Urban Electronics - Pompton Lakes|"{\"ParentId\":{\"ParentId\":{\"ParentId\":{\"ParentId\":{\"ParentId\":{\"ParentId\":{\"ParentId\":{\"ParentId\":{}}}}}}}}}"|""|[]|"[\"0015f00000EXUBLAA5\"]"
0015f00000EXUBPAA5|Future|"{\"ParentId\":{\"ParentId\":{\"ParentId\":{\"ParentId\":{\"ParentId\":{\"ParentId\":{\"ParentId\":{\"ParentId\":{}}}}}}}}}"|Disti|[]|"[\"0015f00000EXUBPAA5\"]"
0015f00000EXUBUAA5|Act Mfg - Berkeley|"{\"ParentId\":{\"ParentId\":{\"ParentId\":{\"ParentId\":{\"ParentId\":{\"ParentId\":{\"ParentId\":{\"ParentId\":{}}}}}}}}}"|""|[]|"[\"0015f00000EXUBUAA5\"]"
0015f00000EXUCeAAP|Equiinet Ltd - Swindon|"{\"ParentId\":{\"ParentId\":{\"ParentId\":{\"ParentId\":{\"ParentId\":{\"ParentId\":{\"ParentId\":{\"ParentId\":{}}}}}}}}}"|""|[]|"[\"0015f00000EXUCeAAP\"]"
0015f00000EXUD5AAP|IBM - Endicott|"{\"Id\":\"0015f00000EXUD3AAP\",\"Name\":\"IBM - Connecticut\",\"ParentId\":{\"Id\":\"0015f00000EXU9jAAH\",\"Name\":\"IBM - New York\",\"ParentId\":{\"ParentId\":{\"ParentId\":{\"ParentId\":{\"ParentId\":{\"ParentId\":{\"ParentId\":{}}}}}}}}}"|""|"[\"0015f00000EXU9jAAH\",\"0015f00000EXUD3AAP\"]"|"[\"0015f00000EXUD5AAP\",\"0015f00000EXUD6AAP\"]"
0015f00000BiNSeAAN|University of Arizona|"{\"ParentId\":{\"ParentId\":{\"ParentId\":{\"ParentId\":{\"ParentId\":{\"ParentId\":{\"ParentId\":{\"ParentId\":{}}}}}}}}}"|Customer - Direct|[]|"[\"0015f00000BiNSeAAN\"]"
0015f00000EXU9cAAH|SCI Systems - Hookset|"{\"ParentId\":{\"ParentId\":{\"ParentId\":{\"ParentId\":{\"ParentId\":{\"ParentId\":{\"ParentId\":{\"ParentId\":{}}}}}}}}}"|""|[]|"[\"0015f00000EXU9cAAH\"]"
0015f00000EXUBeAAP|Bosch - Stuttgart|"{\"ParentId\":{\"ParentId\":{\"ParentId\":{\"ParentId\":{\"ParentId\":{\"ParentId\":{\"ParentId\":{\"ParentId\":{}}}}}}}}}"|""|[]|"[\"0015f00000EXUBeAAP\"]"
0015f00000EXUCJAA5|Benchmark - Minneapolis|"{\"Id\":\"0015f00000EXUCLAA5\",\"Name\":\"BenchMark - Texas\",\"ParentId\":{\"ParentId\":{\"ParentId\":{\"ParentId\":{\"ParentId\":{\"ParentId\":{\"ParentId\":{\"ParentId\":{}}}}}}}}}"|""|"[\"0015f00000EXUCLAA5\"]"|"[\"0015f00000EXUCJAA5\",\"0015f00000EXUCKAA5\",\"0015f00000EXUCHAA5\"]"
0015f00000EXUDIAA5|Cummins Allison - Minneapolis|"{\"ParentId\":{\"ParentId\":{\"ParentId\":{\"ParentId\":{\"ParentId\":{\"ParentId\":{\"ParentId\":{\"ParentId\":{}}}}}}}}}"|""|[]|"[\"0015f00000EXUDIAA5\"]"
0015f00000EXUAgAAP|Nortel - UK|"{\"ParentId\":{\"ParentId\":{\"ParentId\":{\"ParentId\":{\"ParentId\":{\"ParentId\":{\"ParentId\":{\"ParentId\":{}}}}}}}}}"|""|[]|"[\"0015f00000EXUAgAAP\"]"
0015f00000EXUBFAA5|Trak Microwave - Clearwater|"{\"ParentId\":{\"ParentId\":{\"ParentId\":{\"ParentId\":{\"ParentId\":{\"ParentId\":{\"ParentId\":{\"ParentId\":{}}}}}}}}}"|""|[]|"[\"0015f00000EXUBFAA5\"]"
0015f00000EXUD4AAP|IBM - Cottle Road|"{\"Id\":\"0015f00000EXUD2AAP\",\"Name\":\"IBM - Boulder\",\"ParentId\":{\"Id\":\"0015f00000EXUD1AAP\",\"Name\":\"IBM - Austin\",\"ParentId\":{\"Id\":\"0015f00000EXU9jAAH\",\"Name\":\"IBM - New York\",\"ParentId\":{\"ParentId\":{\"ParentId\":{\"ParentId\":{\"ParentId\":{\"ParentId\":{}}}}}}}}}"|""|"[\"0015f00000EXU9jAAH\",\"0015f00000EXUD1AAP\",\"0015f00000EXUD2AAP\"]"|"[\"0015f00000EXUD4AAP\"]"
0015f00000EXU9QAAX|Acrogen - Dorchester|"{\"ParentId\":{\"ParentId\":{\"ParentId\":{\"ParentId\":{\"ParentId\":{\"ParentId\":{\"ParentId\":{\"ParentId\":{}}}}}}}}}"|""|[]|"[\"0015f00000EXU9QAAX\"]"
0015f00000EXUA4AAP|Laser Atlanta Optics|"{\"ParentId\":{\"ParentId\":{\"ParentId\":{\"ParentId\":{\"ParentId\":{\"ParentId\":{\"ParentId\":{\"ParentId\":{}}}}}}}}}"|""|[]|"[\"0015f00000EXUA4AAP\"]"
0015f00000EXUAxAAP|American Instruments - Birmingham|"{\"ParentId\":{\"ParentId\":{\"ParentId\":{\"ParentId\":{\"ParentId\":{\"ParentId\":{\"ParentId\":{\"ParentId\":{}}}}}}}}}"|""|[]|"[\"0015f00000EXUAxAAP\"]"
0015f00000EXUB8AAP|Qualpro Corporation - Carson|"{\"ParentId\":{\"ParentId\":{\"ParentId\":{\"ParentId\":{\"ParentId\":{\"ParentId\":{\"ParentId\":{\"ParentId\":{}}}}}}}}}"|""|[]|"[\"0015f00000EXUB8AAP\"]"
0015f00000EXUBJAA5|Absocold - Santa Clara|"{\"ParentId\":{\"ParentId\":{\"ParentId\":{\"ParentId\":{\"ParentId\":{\"ParentId\":{\"ParentId\":{\"ParentId\":{}}}}}}}}}"|""|[]|"[\"0015f00000EXUBJAA5\"]"
0015f00000EXUBZAA5|Acme Inc  -  San Francisco|"{\"ParentId\":{\"ParentId\":{\"ParentId\":{\"ParentId\":{\"ParentId\":{\"ParentId\":{\"ParentId\":{\"ParentId\":{}}}}}}}}}"|""|[]|"[\"0015f00000EXUBZAA5\"]"
0015f00000EXUCSAA5|Elastic Networks - Atlanta|"{\"ParentId\":{\"ParentId\":{\"ParentId\":{\"ParentId\":{\"ParentId\":{\"ParentId\":{\"ParentId\":{\"ParentId\":{}}}}}}}}}"|""|[]|"[\"0015f00000EXUCSAA5\"]"
0015f00000EXUCjAAP|First Virtual Corp.|"{\"ParentId\":{\"ParentId\":{\"ParentId\":{\"ParentId\":{\"ParentId\":{\"ParentId\":{\"ParentId\":{\"ParentId\":{}}}}}}}}}"|""|[]|"[\"0015f00000EXUCjAAP\"]"
0015f00000EXUCwAAP|Hewlett Packard - Singapore|"{\"ParentId\":{\"ParentId\":{\"ParentId\":{\"ParentId\":{\"ParentId\":{\"ParentId\":{\"ParentId\":{\"ParentId\":{}}}}}}}}}"|""|[]|"[\"0015f00000EXUCwAAP\"]"
0015f00000EXUD1AAP|IBM - Austin|"{\"Id\":\"0015f00000EXU9jAAH\",\"Name\":\"IBM - New York\",\"ParentId\":{\"ParentId\":{\"ParentId\":{\"ParentId\":{\"ParentId\":{\"ParentId\":{\"ParentId\":{\"ParentId\":{}}}}}}}}}"|""|"[\"0015f00000EXU9jAAH\"]"|"[\"0015f00000EXUD2AAP\",\"0015f00000EXUD1AAP\",\"0015f00000EXUD4AAP\"]"
0015f00000EXU9RAAX|Adax|"{\"ParentId\":{\"ParentId\":{\"ParentId\":{\"ParentId\":{\"ParentId\":{\"ParentId\":{\"ParentId\":{\"ParentId\":{}}}}}}}}}"|""|[]|"[\"0015f00000EXU9RAAX\"]"
0015f00000EXU9oAAH|Imagine - Rocklin|"{\"ParentId\":{\"ParentId\":{\"ParentId\":{\"ParentId\":{\"ParentId\":{\"ParentId\":{\"ParentId\":{\"ParentId\":{}}}}}}}}}"|""|[]|"[\"0015f00000EXU9oAAH\"]"
0015f00000EXU9rAAH|Intelesys - Gaithersburg|"{\"ParentId\":{\"ParentId\":{\"ParentId\":{\"ParentId\":{\"ParentId\":{\"ParentId\":{\"ParentId\":{\"ParentId\":{}}}}}}}}}"|""|[]|"[\"0015f00000EXU9rAAH\"]"
0015f00000EXUA6AAP|Litton|"{\"ParentId\":{\"ParentId\":{\"ParentId\":{\"ParentId\":{\"ParentId\":{\"ParentId\":{\"ParentId\":{\"ParentId\":{}}}}}}}}}"|""|[]|"[\"0015f00000EXUA6AAP\"]"
0015f00000EXUAGAA5|Lucent - Merrimack Valley|"{\"ParentId\":{\"ParentId\":{\"ParentId\":{\"ParentId\":{\"ParentId\":{\"ParentId\":{\"ParentId\":{\"ParentId\":{}}}}}}}}}"|""|[]|"[\"0015f00000EXUAGAA5\"]"
0015f00000EXUB9AAP|Raytheon Systems - El Segundo|"{\"ParentId\":{\"ParentId\":{\"ParentId\":{\"ParentId\":{\"ParentId\":{\"ParentId\":{\"ParentId\":{\"ParentId\":{}}}}}}}}}"|""|[]|"[\"0015f00000EXUB9AAP\"]"
0015f00000EXUBMAA5|Veribest - Wilts|"{\"ParentId\":{\"ParentId\":{\"ParentId\":{\"ParentId\":{\"ParentId\":{\"ParentId\":{\"ParentId\":{\"ParentId\":{}}}}}}}}}"|""|[]|"[\"0015f00000EXUBMAA5\"]"
0015f00000EXUDHAA5|Cummins Allison - Itasca|"{\"ParentId\":{\"ParentId\":{\"ParentId\":{\"ParentId\":{\"ParentId\":{\"ParentId\":{\"ParentId\":{\"ParentId\":{}}}}}}}}}"|""|[]|"[\"0015f00000EXUDHAA5\"]"
0015f00000EXU9vAAH|International United - Boca Raton|"{\"ParentId\":{\"ParentId\":{\"ParentId\":{\"ParentId\":{\"ParentId\":{\"ParentId\":{\"ParentId\":{\"ParentId\":{}}}}}}}}}"|""|[]|"[\"0015f00000EXU9vAAH\"]"
0015f00000EXUB0AAP|P.I. Research - Cambridgeshire|"{\"ParentId\":{\"ParentId\":{\"ParentId\":{\"ParentId\":{\"ParentId\":{\"ParentId\":{\"ParentId\":{\"ParentId\":{}}}}}}}}}"|""|[]|"[\"0015f00000EXUB0AAP\"]"
0015f00000EXUBnAAP|Sebo - Israel|"{\"ParentId\":{\"ParentId\":{\"ParentId\":{\"ParentId\":{\"ParentId\":{\"ParentId\":{\"ParentId\":{\"ParentId\":{}}}}}}}}}"|""|[]|"[\"0015f00000EXUBnAAP\"]"
0015f00000EXUDEAA5|Connect Electronics|"{\"ParentId\":{\"ParentId\":{\"ParentId\":{\"ParentId\":{\"ParentId\":{\"ParentId\":{\"ParentId\":{\"ParentId\":{}}}}}}}}}"|""|[]|"[\"0015f00000EXUDEAA5\"]"
0015f00000EXUDXAA5|DSI|"{\"ParentId\":{\"ParentId\":{\"ParentId\":{\"ParentId\":{\"ParentId\":{\"ParentId\":{\"ParentId\":{\"ParentId\":{}}}}}}}}}"|""|[]|"[\"0015f00000EXUDXAA5\"]"
0015f00000EXUAFAA5|Lucent - Andover|"{\"ParentId\":{\"ParentId\":{\"ParentId\":{\"ParentId\":{\"ParentId\":{\"ParentId\":{\"ParentId\":{\"ParentId\":{}}}}}}}}}"|""|[]|"[\"0015f00000EXUAFAA5\"]"
0015f00000EXUAOAA5|Marek Micro Design - Germany|"{\"ParentId\":{\"ParentId\":{\"ParentId\":{\"ParentId\":{\"ParentId\":{\"ParentId\":{\"ParentId\":{\"ParentId\":{}}}}}}}}}"|""|[]|"[\"0015f00000EXUAOAA5\"]"
0015f00000EXUAtAAP|3D Sales - Burlington|"{\"Id\":\"0015f00000EXUArAAP\",\"Name\":\"3D Labs - Sunnyvale\",\"ParentId\":{\"ParentId\":{\"ParentId\":{\"ParentId\":{\"ParentId\":{\"ParentId\":{\"ParentId\":{\"ParentId\":{}}}}}}}}}"|""|"[\"0015f00000EXUArAAP\"]"|"[\"0015f00000EXUAtAAP\"]"
0015f00000EXUBEAA5|Thomson CSF Comm. - Marcq en Baroeul|"{\"ParentId\":{\"ParentId\":{\"ParentId\":{\"ParentId\":{\"ParentId\":{\"ParentId\":{\"ParentId\":{\"ParentId\":{}}}}}}}}}"|""|[]|"[\"0015f00000EXUBEAA5\"]"
0015f00000EXUBWAA5|Burdick - Burlington|"{\"ParentId\":{\"ParentId\":{\"ParentId\":{\"ParentId\":{\"ParentId\":{\"ParentId\":{\"ParentId\":{\"ParentId\":{}}}}}}}}}"|""|[]|"[\"0015f00000EXUBWAA5\"]"
0015f00000EXUBxAAP|Russ Marketing - Boston|"{\"ParentId\":{\"ParentId\":{\"ParentId\":{\"ParentId\":{\"ParentId\":{\"ParentId\":{\"ParentId\":{\"ParentId\":{}}}}}}}}}"|""|[]|"[\"0015f00000EXUBxAAP\"]"
0015f00000EXUC0AAP|Xtreme Networks - Sunnyvale|"{\"ParentId\":{\"ParentId\":{\"ParentId\":{\"ParentId\":{\"ParentId\":{\"ParentId\":{\"ParentId\":{\"ParentId\":{}}}}}}}}}"|""|[]|"[\"0015f00000EXUC0AAP\"]"
0015f00000EXUC9AAP|Williams Elec. Games - Chicago|"{\"ParentId\":{\"ParentId\":{\"ParentId\":{\"ParentId\":{\"ParentId\":{\"ParentId\":{\"ParentId\":{\"ParentId\":{}}}}}}}}}"|""|[]|"[\"0015f00000EXUC9AAP\"]"
0015f00000EXUCBAA5|Siemens Energy - San Jose|"{\"ParentId\":{\"ParentId\":{\"ParentId\":{\"ParentId\":{\"ParentId\":{\"ParentId\":{\"ParentId\":{\"ParentId\":{}}}}}}}}}"|""|[]|"[\"0015f00000EXUCBAA5\"]"
0015f00000EXUCVAA5|Electrodyne - Aurora|"{\"ParentId\":{\"ParentId\":{\"ParentId\":{\"ParentId\":{\"ParentId\":{\"ParentId\":{\"ParentId\":{\"ParentId\":{}}}}}}}}}"|""|[]|"[\"0015f00000EXUCVAA5\"]"
0015f00000EXUCmAAP|General Dynamics - Columbia|"{\"ParentId\":{\"ParentId\":{\"ParentId\":{\"ParentId\":{\"ParentId\":{\"ParentId\":{\"ParentId\":{\"ParentId\":{}}}}}}}}}"|""|[]|"[\"0015f00000EXUCmAAP\"]"
0015f00000EXUDLAA5|Design Enterprises|"{\"ParentId\":{\"ParentId\":{\"ParentId\":{\"ParentId\":{\"ParentId\":{\"ParentId\":{\"ParentId\":{\"ParentId\":{}}}}}}}}}"|""|[]|"[\"0015f00000EXUDLAA5\"]"
0015f00000BiNSXAA3|Edge Communications|"{\"ParentId\":{\"ParentId\":{\"ParentId\":{\"ParentId\":{\"ParentId\":{\"ParentId\":{\"ParentId\":{\"ParentId\":{}}}}}}}}}"|Customer - Direct|[]|"[\"0015f00000BiNSXAA3\"]"
0015f00000C0MxSAAV|Sample Account for Entitlements|"{\"ParentId\":{\"ParentId\":{\"ParentId\":{\"ParentId\":{\"ParentId\":{\"ParentId\":{\"ParentId\":{\"ParentId\":{}}}}}}}}}"|""|[]|"[\"0015f00000C0MxSAAV\"]"
0015f00000EXUAYAA5|Netline - Les Ulis|"{\"ParentId\":{\"ParentId\":{\"ParentId\":{\"ParentId\":{\"ParentId\":{\"ParentId\":{\"ParentId\":{\"ParentId\":{}}}}}}}}}"|""|[]|"[\"0015f00000EXUAYAA5\"]"
0015f00000EXUBzAAP|Acqua - Berkeley|"{\"ParentId\":{\"ParentId\":{\"ParentId\":{\"ParentId\":{\"ParentId\":{\"ParentId\":{\"ParentId\":{\"ParentId\":{}}}}}}}}}"|""|[]|"[\"0015f00000EXUBzAAP\"]"
0015f00000EXUCCAA5|Autotote - Neward|"{\"ParentId\":{\"ParentId\":{\"ParentId\":{\"ParentId\":{\"ParentId\":{\"ParentId\":{\"ParentId\":{\"ParentId\":{}}}}}}}}}"|""|[]|"[\"0015f00000EXUCCAA5\"]"
0015f00000EXUCYAA5|Electronic Equipment|"{\"Id\":\"0015f00000EXUCaAAP\",\"Name\":\"Electronic Proj & Co\",\"ParentId\":{\"Id\":\"0015f00000EXUCbAAP\",\"Name\":\"Electronic Tech. Int\",\"ParentId\":{\"ParentId\":{\"ParentId\":{\"ParentId\":{\"ParentId\":{\"ParentId\":{\"ParentId\":{}}}}}}}}}"|""|"[\"0015f00000EXUCbAAP\",\"0015f00000EXUCaAAP\"]"|"[\"0015f00000EXUCYAA5\"]"
0015f00000EXUCbAAP|Electronic Tech. Int|"{\"ParentId\":{\"ParentId\":{\"ParentId\":{\"ParentId\":{\"ParentId\":{\"ParentId\":{\"ParentId\":{\"ParentId\":{}}}}}}}}}"|""|[]|"[\"0015f00000EXUCaAAP\",\"0015f00000EXUCZAA5\",\"0015f00000EXUCYAA5\",\"0015f00000EXUCbAAP\"]"
0015f00000EXUD6AAP|IBM - Essex Junction|"{\"Id\":\"0015f00000EXUD5AAP\",\"Name\":\"IBM - Endicott\",\"ParentId\":{\"Id\":\"0015f00000EXUD3AAP\",\"Name\":\"IBM - Connecticut\",\"ParentId\":{\"Id\":\"0015f00000EXU9jAAH\",\"Name\":\"IBM - New York\",\"ParentId\":{\"ParentId\":{\"ParentId\":{\"ParentId\":{\"ParentId\":{\"ParentId\":{}}}}}}}}}"|""|"[\"0015f00000EXU9jAAH\",\"0015f00000EXUD3AAP\",\"0015f00000EXUD5AAP\"]"|"[\"0015f00000EXUD6AAP\"]"
0015f00000EXUDMAA5|Digidesign - Hamilton|"{\"Id\":\"0015f00000EXUDNAA5\",\"Name\":\"Digidesign - Marsh Rd\",\"ParentId\":{\"ParentId\":{\"ParentId\":{\"ParentId\":{\"ParentId\":{\"ParentId\":{\"ParentId\":{\"ParentId\":{}}}}}}}}}"|""|"[\"0015f00000EXUDNAA5\"]"|"[\"0015f00000EXUDMAA5\"]"
0015f00000EXUDWAA5|Dovatron - Palm Harbor|"{\"ParentId\":{\"ParentId\":{\"ParentId\":{\"ParentId\":{\"ParentId\":{\"ParentId\":{\"ParentId\":{\"ParentId\":{}}}}}}}}}"|""|[]|"[\"0015f00000EXUDWAA5\"]"
0015f00000EXUDeAAP|Eaton - WI|"{\"ParentId\":{\"ParentId\":{\"ParentId\":{\"ParentId\":{\"ParentId\":{\"ParentId\":{\"ParentId\":{\"ParentId\":{}}}}}}}}}"|""|[]|"[\"0015f00000EXUDeAAP\"]"
0015f00000EXUCOAA5|Celestica - Andover MA|"{\"Id\":\"0015f00000EXUC3AAP\",\"Name\":\"Celestica - San Jose\",\"ParentId\":{\"ParentId\":{\"ParentId\":{\"ParentId\":{\"ParentId\":{\"ParentId\":{\"ParentId\":{\"ParentId\":{}}}}}}}}}"|""|"[\"0015f00000EXUC3AAP\"]"|"[\"0015f00000EXUCOAA5\"]"
0015f00000EXUCqAAP|General Technologies - Albuquerque|"{\"ParentId\":{\"ParentId\":{\"ParentId\":{\"ParentId\":{\"ParentId\":{\"ParentId\":{\"ParentId\":{\"ParentId\":{}}}}}}}}}"|""|[]|"[\"0015f00000EXUCqAAP\"]"
0015f00000EXUDBAA5|Compaq - Malboro|"{\"ParentId\":{\"ParentId\":{\"ParentId\":{\"ParentId\":{\"ParentId\":{\"ParentId\":{\"ParentId\":{\"ParentId\":{}}}}}}}}}"|""|[]|"[\"0015f00000EXUDBAA5\"]"
0015f00000EXU9LAAX|ABB Flex Automation - Norway|"{\"ParentId\":{\"ParentId\":{\"ParentId\":{\"ParentId\":{\"ParentId\":{\"ParentId\":{\"ParentId\":{\"ParentId\":{}}}}}}}}}"|""|[]|"[\"0015f00000EXU9KAAX\",\"0015f00000EXU9MAAX\",\"0015f00000EXU9LAAX\"]"
0015f00000EXU9NAAX|ACI - Columbia|"{\"ParentId\":{\"ParentId\":{\"ParentId\":{\"ParentId\":{\"ParentId\":{\"ParentId\":{\"ParentId\":{\"ParentId\":{}}}}}}}}}"|""|[]|"[\"0015f00000EXU9NAAX\"]"
0015f00000EXU9aAAH|Flextronics - San Jose|"{\"ParentId\":{\"ParentId\":{\"ParentId\":{\"ParentId\":{\"ParentId\":{\"ParentId\":{\"ParentId\":{\"ParentId\":{}}}}}}}}}"|""|[]|"[\"0015f00000EXU9aAAH\"]"
0015f00000EXUAHAA5|Lucent - Scoth Plains|"{\"ParentId\":{\"ParentId\":{\"ParentId\":{\"ParentId\":{\"ParentId\":{\"ParentId\":{\"ParentId\":{\"ParentId\":{}}}}}}}}}"|""|[]|"[\"0015f00000EXUAHAA5\"]"
0015f00000EXUB5AAP|Programma Elect. AB - Taby|"{\"ParentId\":{\"ParentId\":{\"ParentId\":{\"ParentId\":{\"ParentId\":{\"ParentId\":{\"ParentId\":{\"ParentId\":{}}}}}}}}}"|""|[]|"[\"0015f00000EXUB5AAP\"]"
0015f00000EXUBXAA5|Diebold Inc - Brookfield|"{\"ParentId\":{\"ParentId\":{\"ParentId\":{\"ParentId\":{\"ParentId\":{\"ParentId\":{\"ParentId\":{\"ParentId\":{}}}}}}}}}"|""|[]|"[\"0015f00000EXUBXAA5\"]"
0015f00000EXUBgAAP|Harris Broadcast - Rheinzabern|"{\"ParentId\":{\"ParentId\":{\"ParentId\":{\"ParentId\":{\"ParentId\":{\"ParentId\":{\"ParentId\":{\"ParentId\":{}}}}}}}}}"|""|[]|"[\"0015f00000EXUBgAAP\"]"
0015f00000EXUBiAAP|Logitech - Morges|"{\"ParentId\":{\"ParentId\":{\"ParentId\":{\"ParentId\":{\"ParentId\":{\"ParentId\":{\"ParentId\":{\"ParentId\":{}}}}}}}}}"|""|[]|"[\"0015f00000EXUBiAAP\"]"
0015f00000EXUBwAAP|ABC Inc - San Jose|"{\"ParentId\":{\"ParentId\":{\"ParentId\":{\"ParentId\":{\"ParentId\":{\"ParentId\":{\"ParentId\":{\"ParentId\":{}}}}}}}}}"|""|[]|"[\"0015f00000EXUBwAAP\"]"
0015f00000EXUCxAAP|Hewlett Packard - Spokane|"{\"ParentId\":{\"ParentId\":{\"ParentId\":{\"ParentId\":{\"ParentId\":{\"ParentId\":{\"ParentId\":{\"ParentId\":{}}}}}}}}}"|""|[]|"[\"0015f00000EXUCxAAP\"]"
0015f00000BiNSgAAN|United Oil & Gas, Singapore|"{\"ParentId\":{\"ParentId\":{\"ParentId\":{\"ParentId\":{\"ParentId\":{\"ParentId\":{\"ParentId\":{\"ParentId\":{}}}}}}}}}"|Customer - Direct|[]|"[\"0015f00000BiNSgAAN\"]"
0015f00000EXUARAA5|Memotec - Langenthal|"{\"ParentId\":{\"ParentId\":{\"ParentId\":{\"ParentId\":{\"ParentId\":{\"ParentId\":{\"ParentId\":{\"ParentId\":{}}}}}}}}}"|""|[]|"[\"0015f00000EXUARAA5\"]"
0015f00000EXUAqAAP|3Com - UK|"{\"ParentId\":{\"ParentId\":{\"ParentId\":{\"ParentId\":{\"ParentId\":{\"ParentId\":{\"ParentId\":{\"ParentId\":{}}}}}}}}}"|""|[]|"[\"0015f00000EXUAqAAP\"]"
0015f00000EXUBhAAP|Jabil - Germany|"{\"ParentId\":{\"ParentId\":{\"ParentId\":{\"ParentId\":{\"ParentId\":{\"ParentId\":{\"ParentId\":{\"ParentId\":{}}}}}}}}}"|""|[]|"[\"0015f00000EXUBhAAP\"]"
0015f00000EXUDDAA5|Condor Systems - San Jose|"{\"ParentId\":{\"ParentId\":{\"ParentId\":{\"ParentId\":{\"ParentId\":{\"ParentId\":{\"ParentId\":{\"ParentId\":{}}}}}}}}}"|""|[]|"[\"0015f00000EXUDDAA5\"]"
0015f00000EXUDfAAP|Eaton/Vorad|"{\"ParentId\":{\"ParentId\":{\"ParentId\":{\"ParentId\":{\"ParentId\":{\"ParentId\":{\"ParentId\":{\"ParentId\":{}}}}}}}}}"|""|[]|"[\"0015f00000EXUDfAAP\"]"
0015f00000EXUDhAAP|Bell Micro|"{\"ParentId\":{\"ParentId\":{\"ParentId\":{\"ParentId\":{\"ParentId\":{\"ParentId\":{\"ParentId\":{\"ParentId\":{}}}}}}}}}"|""|[]|"[\"0015f00000EXUDhAAP\"]"
0015f00000EXUAWAA5|Motorola - Tel Aviv|"{\"ParentId\":{\"ParentId\":{\"ParentId\":{\"ParentId\":{\"ParentId\":{\"ParentId\":{\"ParentId\":{\"ParentId\":{}}}}}}}}}"|""|[]|"[\"0015f00000EXUAWAA5\"]"
0015f00000EXUAmAAP|Nu Horizons|"{\"ParentId\":{\"ParentId\":{\"ParentId\":{\"ParentId\":{\"ParentId\":{\"ParentId\":{\"ParentId\":{\"ParentId\":{}}}}}}}}}"|Disti|[]|"[\"0015f00000EXUAmAAP\"]"
0015f00000EXUApAAP|3Com - Mt. Prospect|"{\"Id\":\"0015f00000EXUAoAAP\",\"Name\":\"3Com - Santa Clara\",\"ParentId\":{\"ParentId\":{\"ParentId\":{\"ParentId\":{\"ParentId\":{\"ParentId\":{\"ParentId\":{\"ParentId\":{}}}}}}}}}"|""|"[\"0015f00000EXUAoAAP\"]"|"[\"0015f00000EXUApAAP\",\"0015f00000EXUAyAAP\"]"
0015f00000BiNSdAAN|Express Logistics and Transport|"{\"ParentId\":{\"ParentId\":{\"ParentId\":{\"ParentId\":{\"ParentId\":{\"ParentId\":{\"ParentId\":{\"ParentId\":{}}}}}}}}}"|Customer - Channel|[]|"[\"0015f00000BiNSdAAN\"]"
0015f00000EXU9lAAH|IBM - Rochester|"{\"Id\":\"0015f00000EXU9mAAH\",\"Name\":\"IBM - Vermont\",\"ParentId\":{\"Id\":\"0015f00000EXU9jAAH\",\"Name\":\"IBM - New York\",\"ParentId\":{\"ParentId\":{\"ParentId\":{\"ParentId\":{\"ParentId\":{\"ParentId\":{\"ParentId\":{}}}}}}}}}"|""|"[\"0015f00000EXU9jAAH\",\"0015f00000EXU9mAAH\"]"|"[\"0015f00000EXU9kAAH\",\"0015f00000EXU9lAAH\"]"
0015f00000EXUA3AAP|La Cie - Massy|"{\"ParentId\":{\"ParentId\":{\"ParentId\":{\"ParentId\":{\"ParentId\":{\"ParentId\":{\"ParentId\":{\"ParentId\":{}}}}}}}}}"|""|[]|"[\"0015f00000EXUA3AAP\"]"
0015f00000EXUAVAA5|Motorola - England|"{\"ParentId\":{\"ParentId\":{\"ParentId\":{\"ParentId\":{\"ParentId\":{\"ParentId\":{\"ParentId\":{\"ParentId\":{}}}}}}}}}"|""|[]|"[\"0015f00000EXUAVAA5\"]"
0015f00000EXUAzAAP|Arthrocare|"{\"ParentId\":{\"ParentId\":{\"ParentId\":{\"ParentId\":{\"ParentId\":{\"ParentId\":{\"ParentId\":{\"ParentId\":{}}}}}}}}}"|""|[]|"[\"0015f00000EXUAzAAP\"]"
0015f00000EXUBjAAP|Sasco Holz GmbH - Putzbrunn|"{\"ParentId\":{\"ParentId\":{\"ParentId\":{\"ParentId\":{\"ParentId\":{\"ParentId\":{\"ParentId\":{\"ParentId\":{}}}}}}}}}"|""|[]|"[\"0015f00000EXUBjAAP\"]"
0015f00000EXUBpAAP|Spacecam Systems|"{\"ParentId\":{\"ParentId\":{\"ParentId\":{\"ParentId\":{\"ParentId\":{\"ParentId\":{\"ParentId\":{\"ParentId\":{}}}}}}}}}"|""|[]|"[\"0015f00000EXUBpAAP\"]"
0015f00000EXUCDAA5|Aviv|"{\"ParentId\":{\"ParentId\":{\"ParentId\":{\"ParentId\":{\"ParentId\":{\"ParentId\":{\"ParentId\":{\"ParentId\":{}}}}}}}}}"|""|[]|"[\"0015f00000EXUCDAA5\"]"
0015f00000EXUCRAA5|ECS|"{\"ParentId\":{\"ParentId\":{\"ParentId\":{\"ParentId\":{\"ParentId\":{\"ParentId\":{\"ParentId\":{\"ParentId\":{}}}}}}}}}"|""|[]|"[\"0015f00000EXUCRAA5\"]"
0015f00000EXUChAAP|Federal Signal - Cheshire|"{\"ParentId\":{\"ParentId\":{\"ParentId\":{\"ParentId\":{\"ParentId\":{\"ParentId\":{\"ParentId\":{\"ParentId\":{}}}}}}}}}"|""|[]|"[\"0015f00000EXUChAAP\"]"
0015f00000EXU9TAAX|Circuits Engineering - Bothell|"{\"ParentId\":{\"ParentId\":{\"ParentId\":{\"ParentId\":{\"ParentId\":{\"ParentId\":{\"ParentId\":{\"ParentId\":{}}}}}}}}}"|""|[]|"[\"0015f00000EXU9TAAX\"]"
0015f00000EXU9mAAH|IBM - Vermont|"{\"Id\":\"0015f00000EXU9jAAH\",\"Name\":\"IBM - New York\",\"ParentId\":{\"ParentId\":{\"ParentId\":{\"ParentId\":{\"ParentId\":{\"ParentId\":{\"ParentId\":{\"ParentId\":{}}}}}}}}}"|""|"[\"0015f00000EXU9jAAH\"]"|"[\"0015f00000EXU9kAAH\",\"0015f00000EXU9lAAH\",\"0015f00000EXU9mAAH\"]"
0015f00000EXUAhAAP|Northrop Grumman - ATL Nursery|"{\"ParentId\":{\"ParentId\":{\"ParentId\":{\"ParentId\":{\"ParentId\":{\"ParentId\":{\"ParentId\":{\"ParentId\":{}}}}}}}}}"|""|[]|"[\"0015f00000EXUAhAAP\"]"
0015f00000EXUAkAAP|Northrup Grumman - Toronto|"{\"ParentId\":{\"ParentId\":{\"ParentId\":{\"ParentId\":{\"ParentId\":{\"ParentId\":{\"ParentId\":{\"ParentId\":{}}}}}}}}}"|""|[]|"[\"0015f00000EXUAkAAP\"]"
0015f00000EXUB4AAP|Precise Biometrics - Malmo|"{\"ParentId\":{\"ParentId\":{\"ParentId\":{\"ParentId\":{\"ParentId\":{\"ParentId\":{\"ParentId\":{\"ParentId\":{}}}}}}}}}"|""|[]|"[\"0015f00000EXUB4AAP\"]"
0015f00000EXUBBAA5|Red River Engg - Richardson|"{\"ParentId\":{\"ParentId\":{\"ParentId\":{\"ParentId\":{\"ParentId\":{\"ParentId\":{\"ParentId\":{\"ParentId\":{}}}}}}}}}"|""|[]|"[\"0015f00000EXUBBAA5\"]"
0015f00000EXUBqAAP|Stebon - Burntwood|"{\"ParentId\":{\"ParentId\":{\"ParentId\":{\"ParentId\":{\"ParentId\":{\"ParentId\":{\"ParentId\":{\"ParentId\":{}}}}}}}}}"|""|[]|"[\"0015f00000EXUBqAAP\"]"
0015f00000EXUBrAAP|Strategic Sales - Scotch Plain|"{\"ParentId\":{\"ParentId\":{\"ParentId\":{\"ParentId\":{\"ParentId\":{\"ParentId\":{\"ParentId\":{\"ParentId\":{}}}}}}}}}"|""|[]|"[\"0015f00000EXUBrAAP\"]"
0015f00000EXUC1AAP|Night Ridder - San Jose|"{\"ParentId\":{\"ParentId\":{\"ParentId\":{\"ParentId\":{\"ParentId\":{\"ParentId\":{\"ParentId\":{\"ParentId\":{}}}}}}}}}"|""|[]|"[\"0015f00000EXUC1AAP\"]"
0015f00000EXUCPAA5|Celestica - Chippewa Falls|"{\"Id\":\"0015f00000EXUC3AAP\",\"Name\":\"Celestica - San Jose\",\"ParentId\":{\"ParentId\":{\"ParentId\":{\"ParentId\":{\"ParentId\":{\"ParentId\":{\"ParentId\":{\"ParentId\":{}}}}}}}}}"|""|"[\"0015f00000EXUC3AAP\"]"|"[\"0015f00000EXUCPAA5\"]"
0015f00000EXUCkAAP|Fisher-Rosemount Sys|"{\"ParentId\":{\"ParentId\":{\"ParentId\":{\"ParentId\":{\"ParentId\":{\"ParentId\":{\"ParentId\":{\"ParentId\":{}}}}}}}}}"|""|[]|"[\"0015f00000EXUCkAAP\"]"
0015f00000EXUDAAA5|Compaq - Littleton|"{\"ParentId\":{\"ParentId\":{\"ParentId\":{\"ParentId\":{\"ParentId\":{\"ParentId\":{\"ParentId\":{\"ParentId\":{}}}}}}}}}"|""|[]|"[\"0015f00000EXUDAAA5\"]"
0015f00000EXUDgAAP|ECI|"{\"ParentId\":{\"ParentId\":{\"ParentId\":{\"ParentId\":{\"ParentId\":{\"ParentId\":{\"ParentId\":{\"ParentId\":{}}}}}}}}}"|""|[]|"[\"0015f00000EXUDgAAP\"]"
0015f00000EXUAeAAP|Nortel - Devon|"{\"ParentId\":{\"ParentId\":{\"ParentId\":{\"ParentId\":{\"ParentId\":{\"ParentId\":{\"ParentId\":{\"ParentId\":{}}}}}}}}}"|""|[]|"[\"0015f00000EXUAeAAP\"]"
0015f00000EXUB3AAP|Pixel Power|"{\"ParentId\":{\"ParentId\":{\"ParentId\":{\"ParentId\":{\"ParentId\":{\"ParentId\":{\"ParentId\":{\"ParentId\":{}}}}}}}}}"|""|[]|"[\"0015f00000EXUB3AAP\"]"
0015f00000EXUB7AAP|Qualcomm - San Diego|"{\"ParentId\":{\"ParentId\":{\"ParentId\":{\"ParentId\":{\"ParentId\":{\"ParentId\":{\"ParentId\":{\"ParentId\":{}}}}}}}}}"|""|[]|"[\"0015f00000EXUB7AAP\"]"
0015f00000EXUD0AAP|Honeywell/Allied Sig - Kansas|"{\"ParentId\":{\"ParentId\":{\"ParentId\":{\"ParentId\":{\"ParentId\":{\"ParentId\":{\"ParentId\":{\"ParentId\":{}}}}}}}}}"|""|[]|"[\"0015f00000EXUD0AAP\"]"
0015f00000EXUDbAAP|Dynalab - Reynoldsburg|"{\"ParentId\":{\"ParentId\":{\"ParentId\":{\"ParentId\":{\"ParentId\":{\"ParentId\":{\"ParentId\":{\"ParentId\":{}}}}}}}}}"|""|[]|"[\"0015f00000EXUDbAAP\"]"
0015f00000BiNSaAAN|Dickenson plc|"{\"ParentId\":{\"ParentId\":{\"ParentId\":{\"ParentId\":{\"ParentId\":{\"ParentId\":{\"ParentId\":{\"ParentId\":{}}}}}}}}}"|Customer - Channel|[]|"[\"0015f00000BiNSaAAN\"]"
0015f00000EXU9gAAH|Teradyne - Boston|"{\"ParentId\":{\"ParentId\":{\"ParentId\":{\"ParentId\":{\"ParentId\":{\"ParentId\":{\"ParentId\":{\"ParentId\":{}}}}}}}}}"|""|[]|"[\"0015f00000EXU9gAAH\"]"
0015f00000EXUBaAAP|Qualcomm - Austin|"{\"ParentId\":{\"ParentId\":{\"ParentId\":{\"ParentId\":{\"ParentId\":{\"ParentId\":{\"ParentId\":{\"ParentId\":{}}}}}}}}}"|""|[]|"[\"0015f00000EXUBaAAP\"]"
0015f00000EXUD8AAP|Arrow|"{\"ParentId\":{\"ParentId\":{\"ParentId\":{\"ParentId\":{\"ParentId\":{\"ParentId\":{\"ParentId\":{\"ParentId\":{}}}}}}}}}"|Disti|[]|"[\"0015f00000EXUD8AAP\"]"
0015f00000EXUD9AAP|CMZ - Treviso|"{\"ParentId\":{\"ParentId\":{\"ParentId\":{\"ParentId\":{\"ParentId\":{\"ParentId\":{\"ParentId\":{\"ParentId\":{}}}}}}}}}"|""|[]|"[\"0015f00000EXUD9AAP\"]"
0015f00000EXU9pAAH|Imaging Technology - Bedford|"{\"ParentId\":{\"ParentId\":{\"ParentId\":{\"ParentId\":{\"ParentId\":{\"ParentId\":{\"ParentId\":{\"ParentId\":{}}}}}}}}}"|""|[]|"[\"0015f00000EXU9pAAH\"]"
0015f00000EXU9uAAH|International Supply - Hendersonville|"{\"ParentId\":{\"ParentId\":{\"ParentId\":{\"ParentId\":{\"ParentId\":{\"ParentId\":{\"ParentId\":{\"ParentId\":{}}}}}}}}}"|""|[]|"[\"0015f00000EXU9uAAH\"]"
0015f00000EXUAEAA5|Lucchin Engineering|"{\"ParentId\":{\"ParentId\":{\"ParentId\":{\"ParentId\":{\"ParentId\":{\"ParentId\":{\"ParentId\":{\"ParentId\":{}}}}}}}}}"|""|[]|"[\"0015f00000EXUAEAA5\"]"
0015f00000EXUBkAAP|Jabil - France|"{\"ParentId\":{\"ParentId\":{\"ParentId\":{\"ParentId\":{\"ParentId\":{\"ParentId\":{\"ParentId\":{\"ParentId\":{}}}}}}}}}"|""|[]|"[\"0015f00000EXUBkAAP\"]"
0015f00000EXUDRAA5|Digital River|"{\"ParentId\":{\"ParentId\":{\"ParentId\":{\"ParentId\":{\"ParentId\":{\"ParentId\":{\"ParentId\":{\"ParentId\":{}}}}}}}}}"|""|[]|"[\"0015f00000EXUDRAA5\"]"
0015f00000EXUA0AAP|Kent Electronics - Cleveland|"{\"ParentId\":{\"ParentId\":{\"ParentId\":{\"ParentId\":{\"ParentId\":{\"ParentId\":{\"ParentId\":{\"ParentId\":{}}}}}}}}}"|""|[]|"[\"0015f00000EXUA0AAP\"]"
0015f00000EXUANAA5|Marconi - St. Louis|"{\"ParentId\":{\"ParentId\":{\"ParentId\":{\"ParentId\":{\"ParentId\":{\"ParentId\":{\"ParentId\":{\"ParentId\":{}}}}}}}}}"|""|[]|"[\"0015f00000EXUANAA5\"]"
0015f00000EXUAQAA5|Mega Atlas - Houston|"{\"ParentId\":{\"ParentId\":{\"ParentId\":{\"ParentId\":{\"ParentId\":{\"ParentId\":{\"ParentId\":{\"ParentId\":{}}}}}}}}}"|""|[]|"[\"0015f00000EXUAQAA5\"]"
0015f00000EXUCEAA5|Barron McCann - Burton-on-Trent|"{\"ParentId\":{\"ParentId\":{\"ParentId\":{\"ParentId\":{\"ParentId\":{\"ParentId\":{\"ParentId\":{\"ParentId\":{}}}}}}}}}"|""|[]|"[\"0015f00000EXUCEAA5\"]"
0015f00000EXUCcAAP|Entron Systems - Ridgecrest|"{\"ParentId\":{\"ParentId\":{\"ParentId\":{\"ParentId\":{\"ParentId\":{\"ParentId\":{\"ParentId\":{\"ParentId\":{}}}}}}}}}"|""|[]|"[\"0015f00000EXUCcAAP\"]"
0015f00000EXUD3AAP|IBM - Connecticut|"{\"Id\":\"0015f00000EXU9jAAH\",\"Name\":\"IBM - New York\",\"ParentId\":{\"ParentId\":{\"ParentId\":{\"ParentId\":{\"ParentId\":{\"ParentId\":{\"ParentId\":{\"ParentId\":{}}}}}}}}}"|""|"[\"0015f00000EXU9jAAH\"]"|"[\"0015f00000EXUD5AAP\",\"0015f00000EXUD3AAP\",\"0015f00000EXUD6AAP\"]"
0015f00000EXUD7AAP|IBM - Greenock|"{\"Id\":\"0015f00000EXU9hAAH\",\"Name\":\"IBM - Italy\",\"ParentId\":{\"ParentId\":{\"ParentId\":{\"ParentId\":{\"ParentId\":{\"ParentId\":{\"ParentId\":{\"ParentId\":{}}}}}}}}}"|""|"[\"0015f00000EXU9hAAH\"]"|"[\"0015f00000EXUD7AAP\"]"
